Sector;Capacity
BIEGOCA;999
BIRDCTA;999
BIRDES;33
BIRDFAXI;999
BIRDFIS;999
BIRDICTA;999
BIRDNO;999
BIRDSS;999
BIRDVGTIA;999
BIRDWE;999
DAAACTA;999
DAAATC;999
DAAATNE;999
DTTCCTA;999
DTTCNS;999
EBBRTA;999
EBBUALL;999
EBBUCTA;999
EBBUEEC;37
EBBUEHS;40
EBBUELS;39
EBBUESC;40
EBBUHLC;39
EBBUHUS;36
EBBULUH;999
EBBULUS;38
EBBUNLS;37
EBBUNWC;38
EBBUWHS;40
EBBUWLS;42
EBBUWNC;38
EBBUWSC;39
EBBUWWC;999
EBCITMA;999
EBLGTMA;999
EBOSTMA;999
EBTRAS;999
EDGG1;999
EDGG2;28
EDGG3;32
EDGG4;40
EDGG5;27
EDGG6;30
EDGG7;36
EDGGADF;999
EDGGADS;999
EDGGALL;999
EDGGBAD;38
EDGGBALU;40
EDGGDKA;32.5
EDGGDKB;36
EDGGDLA;999
EDGGDLDN;999
EDGGDLDS;35
EDGGDLSN;999
EDGGEIF;26
EDGGFALL;999
EDGGGED;36
EDGGGEHE;34
EDGGGHG;34
EDGGGIN;38
EDGGHAB;43
EDGGHEF;36
EDGGHEGI;999
EDGGHMM;30
EDGGHMML;25
EDGGHMMM;37
EDGGKAE;36
EDGGKAWE;999
EDGGKIHA;36
EDGGKIMO;38
EDGGKIR;36
EDGGKIRU;999
EDGGKNG;37
EDGGKOD;40
EDGGKTG;41
EDGGKWN;32
EDGGLALL;999
EDGGLBU;40
EDGGMAN;36
EDGGMANK;33
EDGGMBN;30
EDGGMBNH;40
EDGGMMN;999
EDGGMNB;999
EDGGMNC;999
EDGGMNKH;42
EDGGMNKL;23
EDGGNCTA;999
EDGGNHB;999
EDGGNKRH;41
EDGGNKRL;16
EDGGNLH;41
EDGGNOR;36
EDGGPAD;30
EDGGPADH;36
EDGGPADL;25
EDGGPFA;26
EDGGPFEI;26
EDGGPHHM;36
EDGGPSA;999
EDGGREU;999
EDGGRUD;31.5
EDGGRUKIM;999
EDGGRUMO;999
EDGGSCTA;999
EDGGSIG;42
EDGGSIGI;38
EDGGSITA;36
EDGGSTG;999
EDGGTAU;34
EDGGTSG;35
EDMMALB;46
EDMMALL;999
EDMMCN2;42
EDMMCN3;44
EDMMCS3;40
EDMMCS8;40
EDMMCS9;40
EDMMCTA;999
EDMMCTAA;999
EDMMEGG;41
EDMMFRK;38
EDMMFRKH;44
EDMMFRKHU;44
EDMMFRKL;32
EDMMFRKLH;34
EDMMFRKU;44
EDMMFUE;40
EDMMFUS;40
EDMMLCH;999
EDMMN;999
EDMMNDG;42
EDMMNORTH;44
EDMMRDEG;41
EDMMRDG;42
EDMMRIES;999
EDMMS;999
EDMMSAFR;44
EDMMSAS;44
EDMMSASH;44
EDMMSASL;18
EDMMSOUTH;43
EDMMSTA;42
EDMMTA;121
EDMMTEG;44
EDMMTRG;40
EDMMTRGH;46
EDMMTRGHN;46
EDMMTRGHS;41
EDMMTRGL;32
EDMMWLD;40
EDMMXBOD1;999
EDMMXCTAA;999
EDMMXFU1;999
EDMMXN;999
EDMMXS;999
EDMMXTA;999
EDMMXTAN;999
EDMMXTANS;999
EDMMXTAS;999
EDMMXTEN;999
EDMMXTENS;999
EDMMXTES;999
EDMMZUG;40
EDMMZUS;40
EDUUAH22;999
EDUUALL1;999
EDUUALLX;999
EDUUALLY;999
EDUUALP13;48
EDUUALP1C;999
EDUUALP1L;54
EDUUALP23;999
EDUUALP2C;51
EDUUALP33;52
EDUUAP;45
EDUUAP12;999
EDUUAP22;999
EDUUAPH22;999
EDUUAPR;999
EDUUAR;999
EDUUAR22;999
EDUUCHI13;49
EDUUCHI1C;999
EDUUCHI1K;53
EDUUCHI23;48
EDUUCHI2C;51
EDUUCNTR;56
EDUUDI;53
EDUUDI13;999
EDUUDI1C;999
EDUUDI23;999
EDUUDI2C;999
EDUUDI33;999
EDUUDIK3;999
EDUUDON13;48
EDUUDON1C;49
EDUUDON1D;54
EDUUDON23;48
EDUUDON2C;52
EDUUDON33;49
EDUUEAST;999
EDUUERL12;49
EDUUERL1R;51
EDUUERL22;53
EDUUERL99;999
EDUUFFM14;48
EDUUFFM14X;999
EDUUFFM1C;53
EDUUFFM1F;56
EDUUFFM24;51
EDUUFFM24X;999
EDUUFFM34;53
EDUUFFM34X;999
EDUUFFM3C;55
EDUUFFM44;59
EDUUFFM44X;999
EDUUFFMMMT;999
EDUUFFMMTC;999
EDUUFUL13;48
EDUUFUL14X;999
EDUUFUL1C;50
EDUUFUL1CX;999
EDUUFUL1U;56
EDUUFUL23;54
EDUUFUL24X;999
EDUUFUL2C;53
EDUUFUL2CX;999
EDUUFUL33;53
EDUUFUL34X;999
EDUUFUL3CX;999
EDUUFUL44X;999
EDUUFZ44;48
EDUUFZU44;58
EDUUHVL12;47
EDUUHVL1H;51
EDUUHVL22;53
EDUUIK13;999
EDUUIK1C;999
EDUUIK23;999
EDUUIK2C;999
EDUUIK33;999
EDUUISA13;48
EDUUISA1C;999
EDUUISA1I;55
EDUUISA23;999
EDUUISA2C;48
EDUULK;54
EDUULK13;999
EDUULK1C;999
EDUULK23;999
EDUULK2C;999
EDUULK33;999
EDUULKDI;999
EDUUNTM14;50
EDUUNTM1C;53
EDUUNTM1N;56
EDUUNTM24;51
EDUUNTM34;48
EDUUNTM3C;59
EDUUNTM44;52
EDUUNTMMT;999
EDUUOH;45
EDUUOH12;999
EDUUOH22;999
EDUUOHAP;47
EDUUOSE12;43
EDUUOSE1O;46
EDUUOSE22;48
EDUUSAL12;47
EDUUSAL1A;48
EDUUSAL22;55
EDUUSLN13;49
EDUUSLN1C;48
EDUUSLN1S;53
EDUUSLN23;43
EDUUSLN2C;54
EDUUSLN33;48
EDUUSOUTH;999
EDUUSPE12;47
EDUUSPE1P;49
EDUUSPE22;56
EDUUTGO13;45
EDUUTGO1C;48
EDUUTGO1T;51
EDUUTGO23;43
EDUUTGO2C;54
EDUUTGO33;48
EDUUTS;999
EDUUTS33;52
EDUUUF;999
EDUUWEST;53
EDUUWF;999
EDUUWF3C;52
EDUUWUR14;50
EDUUWUR14X;999
EDUUWUR1C;54
EDUUWUR1Z;56
EDUUWUR24;52
EDUUWUR24X;999
EDUUWUR34;55
EDUUWUR34X;999
EDUUWUR3C;59
EDUUWUR44;55
EDUUWUR44X;999
EDUUWURMTC;999
EDWWALR;39
EDWWBER;999
EDWWBOR;42
EDWWBRE;999
EDWWCONTC;999
EDWWCONTN;999
EDWWCTA;999
EDWWDBABFL;999
EDWWDBAD;36
EDWWDBADB;999
EDWWDBAFL;16
EDWWDBAN;25
EDWWDBANS;29
EDWWDBAS;25
EDWWDBAT;40
EDWWDST;35
EDWWDSTC;32
EDWWEAST1;20
EDWWEID;33
EDWWEIDE;20
EDWWEIDW;20
EDWWEMS;36
EDWWEMSC;32
EDWWFLANS;999
EDWWFLAS;999
EDWWFLG;39
EDWWFLGBOR;999
EDWWFRI;30
EDWWFRIC;30
EDWWHAMC;36
EDWWHAME;31
EDWWHAMW;33
EDWWHAN;25
EDWWHEI;36
EDWWHEIC;32
EDWWHRZ;38
EDWWMAR;42
EDWWMARBOR;999
EDWWMARFLG;999
EDWWMARMRZ;24
EDWWMRZ;30
EDWWMRZC;30
EDWWMRZL;10
EDWWNORDA;12
EDWWNORDB;25
EDWWNORTH;999
EDWWSOUTH;32
EDWWSUEDC;23
EDYYB1EL;999
EDYYB1EM;999
EDYYB2EL;999
EDYYB2EM;999
EDYYB2LL;999
EDYYB2OL;999
EDYYB37EH;999
EDYYB3CH;999
EDYYB3EH;68
EDYYB3EL;60
EDYYB3LH;56
EDYYB3LL;50
EDYYB3OH;53
EDYYB3OL;55
EDYYB5KL;58
EDYYB5NL;54
EDYYB5WH;65
EDYYB5WL;64
EDYYB6EH;999
EDYYB6LM;999
EDYYB6OM;999
EDYYBALL;70
EDYYBEST;63
EDYYBHT;999
EDYYBKOK;999
EDYYBLUX;56
EDYYBNIK;999
EDYYBOLN;70
EDYYBTOL;999
EDYYBUTA;999
EDYYBWST;70
EDYYD4HH;53
EDYYD4HL;53
EDYYD4JH;999
EDYYD4WH;58
EDYYD4WL;53
EDYYD5EH;60
EDYYD5EL;55
EDYYD5HH;53
EDYYD5HL;53
EDYYD5JH;50
EDYYD5JL;50
EDYYD5WH;62
EDYYD5WL;48
EDYYDALL;50
EDYYDEST;55
EDYYDHOL;58
EDYYDJEV;56
EDYYDUTA;999
EDYYDWST;63
EDYYH3CH;60
EDYYH3CL;50
EDYYH3EH;60
EDYYH3EL;45
EDYYH3MH;55
EDYYH3ML;50
EDYYH3RH;44
EDYYH3RL;44
EDYYH3SH;60
EDYYH3SL;50
EDYYH3WH;60
EDYYH3WL;55
EDYYH5CH;60
EDYYH5CL;50
EDYYH5EH;60
EDYYH5EL;45
EDYYH5MH;55
EDYYH5ML;50
EDYYH5RH;44
EDYYH5RL;44
EDYYH5SH;60
EDYYH5SL;50
EDYYH5WH;60
EDYYH5WL;55
EDYYHALL;65
EDYYHCEL;60
EDYYHEST;62
EDYYHMNS;62
EDYYHRHR;31
EDYYHSOL;62
EDYYHUTA;999
EDYYHWST;60
EDYYREMBA;999
EDYYSOLX;999
EDYYUAC;999
EETNTA;999
EETTALL;30
EETTCTA;999
EETTEST;40
EETTFEEDER;18
EETTWES;43
EETTWES2;43
EFHAKA;999
EFHKTMA;999
EFIN11XHJ;22
EFIN7AG;26
EFIN7CJ;999
EFIN7EAST;999
EFIN7GN;22
EFIN7MID;999
EFIN8AH;24
EFIN9EN;22
EFINA;29
EFINAB;999
EFINABC;999
EFINABCD;29
EFINABCDE;999
EFINABCDEF;28
EFINABCDF;999
EFINADEF;999
EFINAEF;999
EFINAKLMN;999
EFINAKLN;999
EFINAKM;999
EFINAL;999
EFINALL;22.66666666666666666666666667
EFINALN;999
EFINB;30
EFINBC;999
EFINBCD;999
EFINBCDE;999
EFINBCDEF;999
EFINBCDEFG;999
EFINBCDF;999
EFINC;30
EFINCD;999
EFINCDEF;999
EFINCDEFG;999
EFINCDFG;999
EFINCON;999
EFINCTA;999
EFIND;30
EFINDE;999
EFINDEF;999
EFINDEFGHJ;999
EFINE;26
EFINEF;28
EFINEFG;28
EFINEFGHJ;999
EFINF;30
EFINFG;30
EFINFGHJ;999
EFING;30
EFINGH;30
EFINGHJ;26
EFINGHJKM;24
EFINGHJM;999
EFINGHKLMN;26
EFINGKLMN;26
EFINGKM;26
EFINGM;999
EFINH;28
EFINHJ;26
EFINHJKLMN;22
EFINHJKM;22
EFINHJM;999
EFINHKLMN;26
EFINHKM;28
EFINJ;28
EFINK;26
EFINKL;26
EFINKLMN;26
EFINKLN;26
EFINKM;26
EFINKMN;26
EFINL;26
EFINLMN;999
EFINLN;28
EFINM;28
EFINMN;26
EFINN;28
EFKOLI;999
EFMERI;999
EFPOKA;999
EFRUKA;999
EFSAIMA;999
EFSAVU;999
EFTKIURU;999
EFTRAPIPO;999
EGCC29G;41
EGCC29IW;18
EGCC29U;999
EGCCALL;999
EGCCEE;32.5
EGCCIMW;39
EGCCIOM;43
EGCCN;999
EGCCNE;999
EGCCNES;999
EGCCSE;999
EGCCSTF;40
EGCCTCC;999
EGCCTNT;38
EGCCW;37
EGCLENOR;999
EGCP195;999
EGCP215;999
EGD036;999
EGD038;999
EGD323B;999
EGD613A;999
EGD613B;999
EGD613C;999
EGD712A;999
EGD712B;999
EGD712C;999
EGD712D;999
EGDJ1;999
EGFFTOT;999
EGGX45N;999
EGGXALL;12
EGGXBIRD;999
EGGXCCC;999
EGGXLKN;999
EGGXOCA;999
EGGXPXCC;999
EGGXSCO;999
EGGXSE4945;999
EGGXWBDY;999
EGJJF45L;999
EGJJORT;999
EGJJSKE;999
EGJJTMA;999
EGKKHOLD;999
EGLLHOLD;999
EGPXALL;999
EGPXANT;38
EGPXCCCONT;999
EGPXCEN;43
EGPXCLN;999
EGPXCNN;43
EGPXCNS;43
EGPXCNT;999
EGPXCS;999
EGPXCTA;999
EGPXCUA;999
EGPXDCS;42
EGPXDXN;42
EGPXDXS;24
EGPXGWN;999
EGPXGWS;999
EGPXGWY;999
EGPXHBN;39
EGPXHBS;39
EGPXHEN;999
EGPXHHC;999
EGPXHHRC;999
EGPXHHS;999
EGPXHLN;999
EGPXHLW;999
EGPXHRC;999
EGPXHUM;35
EGPXHUN;39
EGPXJ4;999
EGPXJ4J5J6;999
EGPXJ5;999
EGPXJ6;999
EGPXMH;30
EGPXMHC;999
EGPXMHCR;999
EGPXMHH;999
EGPXMHHC;999
EGPXMHHCR;999
EGPXMHHH;999
EGPXMLHL;999
EGPXMLHLW;999
EGPXMOC;999
EGPXMOH;999
EGPXMOL;999
EGPXMON;40
EGPXMOR;30
EGPXMOS;40
EGPXMT;999
EGPXRAC;999
EGPXRAE;45
EGPXRAL;999
EGPXRAN;999
EGPXRAT;999
EGPXRAW;50
EGPXRWN;999
EGPXSTH;34
EGPXTAM;999
EGPXTAY;28
EGPXTHM;999
EGPXTLN;40
EGPXTLS;40
EGPXTMA;32
EGPXTMTH;28
EGPXTYH;35
EGPXTYN;41
EGPXWA;21
EGPXWES;21
EGPXXTLA;999
EGSOYUZ;999
EGTT01LUW;60.5
EGTT02LUE;58
EGTT03+07;40
EGTT03LKS;32
EGTT04LKS;52
EGTT05BCN;36
EGTT06BHD;30
EGTT07WIR;28
EGTT08STU;35
EGTT09LND;40
EGTT10NOR;30
EGTT11NOR;42
EGTT12CLE;40
EGTT13CLW;50
EGTT14CLW;40
EGTT15DVR;40
EGTT16DVR;26
EGTT17LYD;42
EGTT18SFD;48
EGTT19HRE;40
EGTT1ACC;999
EGTT20HRW;36
EGTT21HRL;21
EGTT22HRM;40
EGTT23BRS;35
EGTT24LUN;55
EGTT25LMW;42
EGTT26LME;30
EGTT28DTN;40
EGTT28DTS;999
EGTT34DTN;42
EGTT34DTS;999
EGTT35PEM;33
EGTT36EXE;37
EGTT380;999
EGTT380370;999
EGTTAC;999
EGTTACC;999
EGTTBBSP;35
EGTTBCB;42
EGTTBCP;30
EGTTBHDE;33
EGTTBHL;31
EGTTBIG;55
EGTTBIGD;999
EGTTBLE;33
EGTTBNN;42
EGTTBPEL;31
EGTTBSLE;29
EGTTBSLU;29
EGTTBSTP;32
EGTTBTH;38
EGTTBWA;999
EGTTCAP;999
EGTTCCFIC;999
EGTTCEH;999
EGTTCEL;999
EGTTCLN;65
EGTTCLW;60
EGTTCOW;42
EGTTCPT;35
EGTTCTA;999
EGTTCTAE;999
EGTTCTAN;999
EGTTCTAS;999
EGTTCTAW;999
EGTTCTY;999
EGTTDAG;43
EGTTDAR;999
EGTTDL;999
EGTTDLD;51
EGTTDLS;32
EGTTDTN;50
EGTTDTS;55
EGTTDTY;58
EGTTDVR;37.33333333333333333333333333
EGTTEAST;38
EGTTEGPXAL;999
EGTTEI;999
EGTTFIS;999
EGTTGJT;999
EGTTGOD;999
EGTTHRE;45
EGTTHRN;48
EGTTHRW;35
EGTTICTA;999
EGTTJAC;999
EGTTJAG;999
EGTTLAK;50
EGTTLAM;44
EGTTLKS;65
EGTTLMS;40
EGTTLMU;48
EGTTLMUE;999
EGTTLMUW;999
EGTTLNDE;32
EGTTLOR;38
EGTTLUNE;999
EGTTLUS;60
EGTTLUW;58
EGTTLYS;32
EGTTMID;999
EGTTNOH;999
EGTTNOR;43
EGTTNORTH;38
EGTTNWA;31
EGTTNWB;999
EGTTNWC;999
EGTTNWD;999
EGTTOCK;999
EGTTOCKC;999
EGTTPBB;999
EGTTPOR;31
EGTTRED;40
EGTTSAB;45
EGTTSAJ;999
EGTTSHE;50
EGTTSHN;43
EGTTSHU;33
EGTTSOUTH;31
EGTTSTB;32
EGTTSTP;999
EGTTSTUP;50
EGTTSWD;999
EGTTTC;999
EGTTTCEAS;999
EGTTTCN;999
EGTTTCS;999
EGTTTCTA;999
EGTTTHS;999
EGTTTIGD;999
EGTTTIM;42
EGTTTNE;999
EGTTTSE;999
EGTTTSW;999
EGTTVAT;28
EGTTWEL;38.66666666666666666666666667
EGTTWEST;29
EGTTWIL;43
EGTTXCTY;999
EHAACBAS;999
EHAACOD;999
EHAASECT1;34
EHAASECT2;38
EHAASECT2E;999
EHAASECT2I;999
EHAASECT3;36
EHAASECT4;39
EHAASECT5;30
EHALL;999
EHAMTA;999
EHBKTA;999
EHBKTMA;999
EHGGTA;999
EHMCALL;999
EHRDTA;999
EIDW16N;999
EIDW16S;999
EIDWCTA;999
EIDWCTAL;45
EIDWCTAU;48
EIDWCTN;999
EIDWCTNL;41
EIDWCTNU;47
EIDWCTS;999
EIDWCTSL;42
EIDWCTSU;43
EISNAAS;999
EISNAAS02S;999
EISNAAS03S;999
EISNAAS04S;999
EISNAAS05S;999
EISNAAS06C;999
EISNAAS06S;999
EISNAAS07S;999
EISNAAS08C;999
EISNAAS08S;999
EISNAAS09S;999
EISNAAS10S;999
EISNAAS12C;999
EISNAAS14C;999
EISNAAS16C;999
EISNAAS18C;999
EISNAAS20C;999
EISNAAS24C;999
EISNAAU;999
EISNAAU03U;999
EISNAAU04U;999
EISNAAU05U;999
EISNAAU06U;999
EISNAAU07U;999
EISNAAU08U;999
EISNAAU09U;999
EISNAAU10U;999
EISNABS03S;999
EISNABS06C;999
EISNABU03U;999
EISNACS02S;999
EISNACS03S;999
EISNACS04C;999
EISNACS04S;999
EISNACS06C;999
EISNACS08C;999
EISNACU02U;999
EISNACU03U;999
EISNACU04U;999
EISNADS03S;999
EISNADS06C;999
EISNADS06S;999
EISNADS06U;999
EISNADS12C;999
EISNALL;999
EISNBA205S;999
EISNBA205U;999
EISNBA206S;999
EISNBA206U;999
EISNBA210C;999
EISNBA212C;999
EISNBAS02S;999
EISNBAS03S;999
EISNBAS04C;999
EISNBAS04S;999
EISNBAS06S;999
EISNBAS07S;999
EISNBAS08C;999
EISNBAS12C;999
EISNBAS14C;999
EISNBAU03U;999
EISNBAU04U;999
EISNBAU06U;999
EISNBAU07U;999
EISNBB204S;999
EISNBB204U;999
EISNBB208C;999
EISNBBS02S;999
EISNBBS03S;999
EISNBBS04S;999
EISNBBS05S;999
EISNBBS06C;999
EISNBBS06S;999
EISNBBU02U;999
EISNBBU03U;999
EISNBBU04U;999
EISNBBU05U;999
EISNBBU06U;999
EISNBD104S;999
EISNBD104U;999
EISNBD106S;999
EISNBD106U;999
EISNBD108C;999
EISNBD112C;999
EISNBD208S;999
EISNBD208U;999
EISNBDS02S;999
EISNBDS03S;999
EISNBDS04S;999
EISNBDS06S;999
EISNBDS08S;999
EISNBDU02U;999
EISNBDU03U;999
EISNBDU04U;999
EISNBDU06U;999
EISNBDU08U;999
EISNBF104S;999
EISNBF104U;999
EISNBF108C;999
EISNBF206S;999
EISNBF206U;999
EISNBFS02S;999
EISNBFS03S;999
EISNBFS04C;999
EISNBFS04S;999
EISNBFS06S;999
EISNBFS07S;999
EISNBFS12C;999
EISNBFS13S;999
EISNBFU02U;999
EISNBFU03U;999
EISNBFU04U;999
EISNBFU06U;999
EISNBFU07U;999
EISNBFU13U;999
EISNCAS;999
EISNCAS02C;999
EISNCAS04C;999
EISNCAU;999
EISNCB202S;999
EISNCB202U;999
EISNCB204C;999
EISNCBS02S;999
EISNCBS04C;999
EISNCBS04S;999
EISNCBS06S;999
EISNCBS07S;999
EISNCBU02U;999
EISNCBU04U;999
EISNCBU06U;999
EISNCBU07U;999
EISNCC103S;999
EISNCC103U;999
EISNCC106C;999
EISNCCS02S;999
EISNCCS03S;999
EISNCCS04C;999
EISNCCS04S;999
EISNCCS05S;999
EISNCCS06C;999
EISNCCS08C;999
EISNCCS10C;999
EISNCCU02U;999
EISNCCU03U;999
EISNCCU04U;999
EISNCCU05U;999
EISNCDS02S;999
EISNCDU02U;999
EISNCE106C;999
EISNCES03S;999
EISNCES06C;40
EISNCES06S;999
EISNCES12C;999
EISNCEU03U;999
EISNCEU06U;999
EISNCFS02S;999
EISNCFS04C;999
EISNCFS09S;999
EISNCFU02U;999
EISNCFU09U;999
EISNCTA;999
EISNDAS02S;999
EISNDAS03S;999
EISNDAS04C;999
EISNDAS05S;999
EISNDAS08C;999
EISNDAU02U;999
EISNDAU05U;999
EISNDBS08C;999
EISNDCS03S;999
EISNDCU03U;999
EISNDDS02S;999
EISNDDS04C;999
EISNDDU02U;999
EISNEA204S;999
EISNEA204U;999
EISNEAS02S;999
EISNEAS03S;999
EISNEAS04C;999
EISNEAS04S;999
EISNEAS06S;999
EISNEAS09S;999
EISNEAU02U;999
EISNEAU03U;999
EISNEAU04U;999
EISNEAU06U;999
EISNEBS14C;999
EISNECS02S;999
EISNECS05S;999
EISNECU02U;999
EISNECU05U;999
EISNEDS;999
EISNEDS02C;999
EISNEDS03S;999
EISNEDU;999
EISNEDU03U;999
EISNLOW;999
EISNLSN;20
EISNLSS;999
EISNNOTA;999
EISNUPPER;999
EKBITA;999
EKCHTA;999
EKDKA;38
EKDKABCDEI;999
EKDKAC;45
EKDKACCE;48
EKDKACCW;45
EKDKACDEUU;999
EKDKACUAUC;51.5
EKDKAUA;45
EKDKB;30
EKDKBDEI;48
EKDKBDI;999
EKDKBI;40
EKDKBIA;45
EKDKBIAU;45
EKDKC;40
EKDKCDE;45
EKDKCH;999
EKDKCTA;999
EKDKCUC;46.5
EKDKD;33
EKDKDE;40
EKDKDEC;999
EKDKDECU;48
EKDKE;33
EKDKEXEKKA;999
EKDKEXEKSP;999
EKDKEXEKYT;999
EKDKFIRC;999
EKDKI;33
EKDKL;38
EKDKLV;40
EKDKLVUV;40
EKDKN;48
EKDKNS;48
EKDKNSUV;999
EKDKNSVUV;999
EKDKRKZS;999
EKDKRKZW;999
EKDKS;40
EKDKUA;42
EKDKUAUC;48
EKDKUC;45
EKDKUV;42
EKDKV;38
EKDKVUV;42
EKDKXNS2;999
EKDKXNS4;999
EKDKXNS6;999
EKDKXNS7;999
EKDKXSIL;999
EKDKXVE1;999
EKDKXVE2;999
EKDKY;999
EKDKZALS;999
EKDKZMIC;999
EKDKZNSH;999
EKRNTA;999
ELLXTA;20
ENBD18;25
ENBD1819;30
ENBD19;20
ENBDALL;20
ENBDC;20
ENBDCH;999
ENBDCH1819;20
ENBDCHETA;999
ENBDE;20
ENBDH;15
ENBDL;999
ENBDN;20
ENBDNE;999
ENBDNL;20
ENBDNLE;20
ENBRTAN;24
ENBRTANE;999
ENBRTANW;999
ENGMCR;999
ENHETA;999
ENMLTMA;999
ENMLTSN;999
ENMLTSS;999
ENNEADS;999
ENOBOA80;999
ENOBOAN;999
ENOBOAS;999
ENORALL;999
ENOS1;30
ENOS13;999
ENOS14;999
ENOS15;999
ENOS16;999
ENOS17;18
ENOS2;30
ENOS3;30
ENOS4;30
ENOS5;26
ENOS6;30
ENOS7;30
ENOS8;30
ENOSE1-467;999
ENOSE12;30
ENOSE123;999
ENOSE1234;999
ENOSE12347;999
ENOSE12367;999
ENOSE1237;999
ENOSE1267;26
ENOSE127;999
ENOSE1567;999
ENOSE167;999
ENOSE17;30
ENOSE1TO7;999
ENOSE23;999
ENOSE234;999
ENOSE2345;999
ENOSE26;999
ENOSE34;30
ENOSE345;26
ENOSE3456;999
ENOSE3458;26
ENOSE348;999
ENOSE358;999
ENOSE45;999
ENOSE456;999
ENOSE4567;999
ENOSE4568;999
ENOSE458;999
ENOSE48;999
ENOSE56;999
ENOSE567;999
ENOSE5678;999
ENOSE568;999
ENOSE58;999
ENOSE67;30
ENOSEALL;26
ENOSEFAR;24
ENOSETA;70
ENOSFARE;14
ENOSFARW;20
ENOSOB;999
ENOSOE;999
ENOSOS;15
ENOSTE;42
ENOSTW;42
ENOSW01;24
ENOSW015;999
ENOSW1115;30
ENOSW1516;999
ENOSW15B;24
ENOSW34;30
ENOSW34567;25
ENOSW3467;30
ENOSW3467N;999
ENOSW3467S;24
ENOSW347;999
ENOSW347S;999
ENOSW3T7BS;999
ENOSW3T7S;24
ENOSW4T7;999
ENOSW4T7S;999
ENOSW567;30
ENOSW567BS;999
ENOSW567S;24
ENOSW67;30
ENOSW67BS;999
ENOSW67S;24
ENOSW9012;30
ENOSW9012E;999
ENOSW902;30
ENOSW902E;999
ENOSW902EB;24
ENOSW92;24
ENOSW9T2EB;24
ENOSW9T3;999
ENOSW9T3EB;999
ENOSW9T4;30
ENOSW9T4E;999
ENOSW9T4EB;999
ENOSWALL;24
ENOSWALLO;20
ENOSWLOAN;999
ENOSWOBS;999
ENOSWOEB;15
ENOSWOEBS;18
ENWCTMA;999
ENZVTAS;999
ENZVTASE;999
ENZVTASW;999
EPGDTMA;999
EPKKTMA;999
EPPOTAN;999
EPPOTAS;999
EPPOTMA;999
EPWAN;999
EPWANS;999
EPWAS;999
EPWWALL;35
EPWWB;43
EPWWBD;43
EPWWBDH;39
EPWWBDL;39
EPWWBG;44
EPWWBGD;42
EPWWBGDH;38
EPWWBGDL;38
EPWWBGH;40
EPWWBGL;40
EPWWBGS;42
EPWWBGSE;41
EPWWBGSEH;37
EPWWBGSEL;37
EPWWBGSH;38
EPWWBGSL;38
EPWWBH;41
EPWWBL;38
EPWWC;42
EPWWCEJRH;999
EPWWCEJRL;999
EPWWCL;37
EPWWCTA;999
EPWWD;45
EPWWDL;39
EPWWDT;44
EPWWDTC;40
EPWWDTCH;999
EPWWDTCL;36
EPWWDTH;40
EPWWDTL;40
EPWWE;44
EPWWEFIR;40
EPWWEFIRH;36
EPWWEFIRL;36
EPWWEGS;999
EPWWEJR;42
EPWWEJRH;38
EPWWEJRL;38
EPWWEJRS;999
EPWWEL;40
EPWWER;44
EPWWERH;999
EPWWERL;40
EPWWG;42
EPWWGCJ;999
EPWWGCJL;999
EPWWGD;999
EPWWGDL;999
EPWWGDT;999
EPWWGDTL;999
EPWWGEFIRH;999
EPWWGEFIRL;999
EPWWGL;37
EPWWGS;44
EPWWGSE;42
EPWWGSEH;38
EPWWGSEL;38
EPWWGSH;40
EPWWGSL;40
EPWWHIGH;32
EPWWJ;42
EPWWJC;999
EPWWJH;40
EPWWJL;37
EPWWJR;43
EPWWJRH;39
EPWWJRL;39
EPWWLOW;999
EPWWNFIR;40
EPWWNFIR+E;40
EPWWNFIREH;999
EPWWNFIREL;999
EPWWNFIRH;36
EPWWNFIRL;36
EPWWR;44
EPWWRH;42
EPWWRL;39
EPWWS;44
EPWWSE;46
EPWWSEH;41
EPWWSEL;43.5
EPWWSER;42
EPWWSERH;999
EPWWSERL;999
EPWWSFIR;40
EPWWSFIRDH;999
EPWWSFIRDL;999
EPWWSFIRH;36
EPWWSFIRL;36
EPWWSL;40
EPWWT;42
EPWWTC;44
EPWWTC+NH;999
EPWWTC+NL;999
EPWWTCH;40
EPWWTCJ;40
EPWWTCJH;999
EPWWTCJL;999
EPWWTCJR;41
EPWWTCL;40
EPWWTH;40
EPWWTJR;999
EPWWTJRL;999
EPWWTL;37
EPWWWFIR;40
EPWWWFIR+S;40
EPWWWFIRH;999
EPWWWFIRL;999
EPWWWFIRSH;999
EPWWWFIRSL;999
ESGGTE;999
ESGGTMA;999
ESGGTW;999
ESLULEA;999
ESMM2;38
ESMM23;999
ESMM2345;999
ESMM23W;42
ESMM2W;999
ESMM3;999
ESMM3W;999
ESMM4;35
ESMM45;36
ESMM45M;999
ESMM4U;999
ESMM5;27
ESMM6;42
ESMM67;47
ESMM6789;999
ESMM67Y;47
ESMM69;34
ESMM69Y;999
ESMM6Y;37
ESMM7;42
ESMM78;999
ESMM789;999
ESMM78Y;999
ESMM7Y;40
ESMM8;42
ESMM89;48
ESMM9;42
ESMMACCET;40
ESMMACCWT;40
ESMMALL;999
ESMMCTA;999
ESMMK;33
ESMMKL;26
ESMML;24
ESMMTOT;999
ESMMW;43
ESMMWY;999
ESMMY;43
ESOS1;30
ESOS12679;999
ESOS127;999
ESOS1279;999
ESOS1679;999
ESOS169;999
ESOS17;999
ESOS179;32
ESOS19;33
ESOS2;30
ESOS26;999
ESOS267;999
ESOS269;999
ESOS27;34
ESOS29;999
ESOS3;42
ESOS348;999
ESOS36;999
ESOS368;999
ESOS38;36
ESOS4;33
ESOS6;999
ESOS69;999
ESOS7;42
ESOS8;36
ESOS9;999
ESOSALL;999
ESOSCTAN;999
ESOSCTAS;999
ESOSF;30
ESOSF4;28
ESOSK;30
ESOSN;30
ESOSN38;999
ESOSN4;999
ESOSN48;999
ESOSNF;34
ESOSNF348;999
ESOSNF4;26
ESOSNFK;28
ESOSNFK348;999
ESOSNFK4;22
ESOSNK;30
ESSACR;999
ESSAE;52
ESSAEWS;25
ESSAS;33
ESSATMA;999
ESSAW;55
ESSAWS;30
ESSPTMA;999
EUCBA10;999
EUCBA11;999
EUCBA12;999
EUCBABOT;999
EVRRAPP;32
EVRREA;29
EVRRES;46
EVRRNS;54
EVRRSS;999
EVRRWS;999
EYVCCTA;999
EYVCE;40
EYVCEL;43
EYVCL;43
EYVCU;54
GAAAALL;999
GCCCAAC;38
GCCCACW;35
GCCCCES;32
GCCCCWS;30
GCCCD26;27
GCCCF03;40
GCCCF21;40
GCCCFCN;27
GCCCFCW;35
GCCCFGC;999
GCCCGCN;999
GCCCGCS;40
GCCCIGC;30
GCCCINB;35
GCCCNWW;36
GCCCOCE;25
GCCCOWS;999
GCCCR2E;31
GCCCRC2;38
GCCCRCE;35
GCCCRCS;34
GCCCRCW;32
GCCCRE2;30
GCCCRES;30
GCCCRNE;38
GCCCRNW;38
GCCCRST;25
GCCCRU6;25
GCCCRW3;34
GCCCRW4;32
GCCCRWS;32
GCCCRWW;999
GCCCT13;999
GCCCTM3;20
GCCCTW2;20
GCCCUW4;999
GCTSTMA;999
GCXOAXO;999
GMMMALL;999
GMMMCTA;999
GMMMEAS;25
GMMMNOR;48
GMMMOCE;48
GMMMSOU;48
GMMMWES;48
GOOOCTA;999
GVSCCTA;999
HECCALL;999
HECCCTA;999
HLLLCTA;999
LAAAALL;999
LAAACTA;999
LAAAHI;30
LAAALW1;25
LAAALW4A;999
LAAALW4B;999
LAAAMD3;25
LAAAMD3A;25
LAAAMD3B;25
LAAAMD3C;25
LAAAMD4;999
LAAAMD4A;25
LAAAMD4B;25
LAAAMD4C;999
LAAATMA;13
LAAATP1;29
LAAATP3;29
LAAATP3A;29
LAAATP3C;29
LAAAUP4;29
LAAAUP4A;29
LAAAUP4B;29
LAAAUP4C;29
LAAAUP4D;29
LAAAUP4E;29
LBLGTEST;999
LBSRCTA;999
LBSRSA13;999
LBSRSA14;999
LBSRSA15;999
LBSRSA16;999
LBSRSA17;999
LBSRSA24;999
LBSRSA25;999
LBSRSA26;999
LBSRSA27;999
LBSRSA28;999
LBSRSA35;999
LBSRSA36;999
LBSRSA37;999
LBSRSA38;999
LBSRSA46;999
LBSRSA47;999
LBSRSA48;999
LBSRSA57;50
LBSRSA58;50
LBSRSA68;50
LBSRSAA0;50
LBSRSAH1;999
LBSRSAH2;999
LBSRSAH3;999
LBSRSAH4;999
LBSRSAH5;999
LBSRSAH6;999
LBSRSAH7;999
LBSRSAL1;999
LBSRSAL2;999
LBSRSAL3;999
LBSRSAL4;50
LBSRSAL5;50
LBSRSAL6;50
LBSRSAL7;50
LBSRSAL8;50
LBSRSAU1;999
LBSRSAU2;999
LBSRSAU3;999
LBSRSAU4;50
LBSRSAU5;50
LBSRSAU6;50
LBSRSAU7;50
LBSRSAU8;50
LBSRSBA0;50
LBSRSBDA0;999
LBSRSBEFA0;999
LBSRSBFA0;50
LBSRSBFL6;50
LBSRSBFU6;50
LBSRSBH1;999
LBSRSBH2;999
LBSRSBH3;999
LBSRSBH4;999
LBSRSBH5;999
LBSRSBH6;999
LBSRSBH7;999
LBSRSBL0;999
LBSRSBL1;999
LBSRSBL4;50
LBSRSBL5;50
LBSRSBL6;50
LBSRSBL7;50
LBSRSBU5;50
LBSRSBU6;50
LBSRSBU7;50
LBSRSBU8;999
LBSRSC25;999
LBSRSC26;999
LBSRSC47;50
LBSRSC57;50
LBSRSCA0;50
LBSRSCH1;999
LBSRSCH2;999
LBSRSCH3;999
LBSRSCH4;999
LBSRSCH5;999
LBSRSCH6;999
LBSRSCH7;999
LBSRSCL1;999
LBSRSCL2;999
LBSRSCL4;50
LBSRSCL5;50
LBSRSCL6;50
LBSRSCL7;50
LBSRSCL8;50
LBSRSCU4;50
LBSRSCU5;50
LBSRSCU6;50
LBSRSCU7;50
LBSRSCU8;50
LBSRSDA0;50
LBSRSDEA0;50
LBSRSDEF25;999
LBSRSDEF26;999
LBSRSDEFA0;50
LBSRSDEFL2;999
LBSRSDEFL4;50
LBSRSDEFL5;50
LBSRSDEFL6;50
LBSRSDEFL7;50
LBSRSDEFU4;50
LBSRSDEFU5;50
LBSRSDEFU6;50
LBSRSDEFU7;50
LBSRSDH1;999
LBSRSDH2;999
LBSRSDH3;999
LBSRSDH4;999
LBSRSDH5;999
LBSRSDH6;999
LBSRSDH7;999
LBSRSDL1;999
LBSRSDL6;50
LBSRSDL7;50
LBSRSDU8;999
LBSRSE58;999
LBSRSE68;999
LBSRSEA0;999
LBSRSEFA0;50
LBSRSEFL5;50
LBSRSEFL7;50
LBSRSEFU5;50
LBSRSEFU6;50
LBSRSEH1;999
LBSRSEH2;999
LBSRSEH3;999
LBSRSEH4;999
LBSRSEH5;999
LBSRSEH6;999
LBSRSEH7;999
LBSRSEL1;999
LBSRSEU8;999
LBSRSFA0;50
LBSRSFH1;999
LBSRSFH2;999
LBSRSFH3;999
LBSRSFH4;999
LBSRSFH5;999
LBSRSFH6;999
LBSRSFH7;999
LBSRSFL1;999
LBSRSFU8;999
LBSRSO13;999
LBSRSO14;999
LBSRSO15;999
LBSRSO16;999
LBSRSO17;999
LBSRSO24;999
LBSRSO25;999
LBSRSO26;999
LBSRSO27;999
LBSRSO28;999
LBSRSO35;999
LBSRSO36;999
LBSRSO37;999
LBSRSO38;999
LBSRSO46;999
LBSRSO47;999
LBSRSO48;999
LBSRSO57;999
LBSRSO58;999
LBSRSO68;999
LBSRSOA0;50
LBSRSOA2;999
LBSRSOA3;999
LBSRSOA4;999
LBSRSOA5;999
LBSRSOA6;999
LBSRSOA7;999
LBSRSOL1;999
LBSRSOL2;999
LBSRSOL3;999
LBSRSOL4;50
LBSRSOL5;50
LBSRSOL6;50
LBSRSOL7;50
LBSRSOL8;999
LBSRSOU1;999
LBSRSOU2;999
LBSRSOU3;999
LBSRSOU4;50
LBSRSOU5;50
LBSRSOU6;50
LBSRSOU7;50
LBSRSOU8;999
LBSRSW13;999
LBSRSW14;999
LBSRSW15;999
LBSRSW16;999
LBSRSW17;999
LBSRSW24;999
LBSRSW25;999
LBSRSW26;999
LBSRSW35;999
LBSRSW36;999
LBSRSW37;999
LBSRSW38;999
LBSRSW46;999
LBSRSW47;999
LBSRSW48;999
LBSRSW57;999
LBSRSW58;999
LBSRSW68;999
LBSRSWA0;50
LBSRSWL1;999
LBSRSWL2;999
LBSRSWL3;50
LBSRSWL4;50
LBSRSWL5;50
LBSRSWL6;50
LBSRSWL7;50
LBSRSWL8;50
LBSRSWU1;999
LBSRSWU2;999
LBSRSWU3;50
LBSRSWU4;50
LBSRSWU5;50
LBSRSWU6;50
LBSRSWU7;50
LBSRSWU8;50
LBSRSY25;999
LBSRSY26;999
LBSRSYA0;50
LBSRSYL2;999
LBSRSYL4;50
LBSRSYL5;50
LBSRSYL6;50
LBSRSYL7;50
LBSRSYL8;50
LBSRSYU4;50
LBSRSYU5;50
LBSRSYU6;50
LBSRSYU7;50
LBSRSYU8;50
LBSRVAA0;40
LBSRVACD25;999
LBSRVACD26;999
LBSRVACD36;999
LBSRVACD37;999
LBSRVACD46;999
LBSRVACD47;999
LBSRVACD48;999
LBSRVACD57;999
LBSRVACD58;999
LBSRVACD68;999
LBSRVACDL1;999
LBSRVACDU1;999
LBSRVACL1;999
LBSRVACU1;999
LBSRVAH6;38
LBSRVAH7;42
LBSRVAL1;999
LBSRVAL2;35
LBSRVAL3;37
LBSRVAL4;39
LBSRVAL5;39
LBSRVAL6;37
LBSRVAL7;37
LBSRVAL8;38
LBSRVAU1;999
LBSRVAU2;44
LBSRVAU3;43
LBSRVAU4;42
LBSRVAU5;43
LBSRVAU6;40
LBSRVAU7;42
LBSRVAU8;35
LBSRVB24;999
LBSRVB25;999
LBSRVB26;999
LBSRVB35;999
LBSRVB36;999
LBSRVB37;999
LBSRVB46;999
LBSRVB47;999
LBSRVB48;999
LBSRVB57;999
LBSRVB58;999
LBSRVB68;999
LBSRVBA0;42
LBSRVBCDL1;999
LBSRVBCDU1;999
LBSRVBDL1;999
LBSRVBDU1;999
LBSRVBH6;35
LBSRVBH7;42
LBSRVBL1;999
LBSRVBL2;36
LBSRVBL3;37
LBSRVBL4;38
LBSRVBL5;37
LBSRVBL6;38
LBSRVBL7;42
LBSRVBL8;40
LBSRVBU1;999
LBSRVBU2;42
LBSRVBU3;40
LBSRVBU4;40
LBSRVBU5;40
LBSRVBU6;39
LBSRVBU7;42
LBSRVBU8;37
LBSRVCA0;999
LBSRVCDU2;999
LBSRVDA0;999
LBSRVDL5;50
LBSRVDL6;50
LBSRVN24;36
LBSRVN25;36
LBSRVN26;37
LBSRVN35;35
LBSRVN36;36
LBSRVN37;37
LBSRVN46;36
LBSRVN47;37
LBSRVN48;37
LBSRVN57;38
LBSRVN58;38
LBSRVN68;38
LBSRVNA0;41
LBSRVNL2;33
LBSRVNL3;38
LBSRVNL4;38
LBSRVNL5;37
LBSRVNL6;38
LBSRVNL7;39
LBSRVNU2;42
LBSRVNU3;41
LBSRVNU4;41
LBSRVNU5;39
LBSRVNU6;39
LBSRVNU7;40
LCCCALL;27
LCCCCTA;999
LCCCE;24
LCCCE1WL;999
LCCCE1WU;999
LCCCE2S1M;999
LCCCE2S1T;999
LCCCE2SM;999
LCCCE2ST;999
LCCCE2TOT;999
LCCCEL;999
LCCCEM;999
LCCCES;27
LCCCES0;24
LCCCES01;26
LCCCES0W;26
LCCCES1L;999
LCCCES1M;999
LCCCES1T;999
LCCCES1U;999
LCCCESL;999
LCCCESM;999
LCCCEST;999
LCCCESU;999
LCCCET;999
LCCCEU;999
LCCCEW;25
LCCCS;27.5
LCCCS01;25.5
LCCCS1;27
LCCCS12;27
LCCCS12W;26.5
LCCCS2;30
LCCCS2W;27
LCCCS2WL;24
LCCCS2WU;26
LCCCSL;21
LCCCST;999
LCCCSU;26
LCCCSWL;999
LCCCSWU;999
LCCCW;27
LCCCWB;999
LCCCWH;999
LCCCWLOW;23
LCCCWUPP;26
LDDUTA;999
LDOSTA;999
LDPLTA;999
LDRITA;999
LDSPTA;999
LDZATA;999
LDZDTA;999
LDZOA;34
LDZOACCX;999
LDZOALL;999
LDZOAMCA;999
LDZOAMCHN;999
LDZOAMCN;999
LDZOAMCS;999
LDZOAMCW;999
LDZOBOSNA;999
LDZOCTA;999
LDZOGACC;42
LDZOH;32
LDZOHA;33
LDZOHAW;31
LDZOHC;32
LDZOHCY;999
LDZOHN;37
LDZOHNN;32
LDZOHNNY;999
LDZOHNY;999
LDZOHS;35
LDZOHSY;999
LDZOHW;35
LDZOHWW;32
LDZOHWWY;999
LDZOHWY;999
LDZOLA;38
LDZOLN;36
LDZOLOW;999
LDZOLS;35
LDZOLW;34
LDZON;42
LDZOROTAR;999
LDZOS;37
LDZOSOLGU;999
LDZOT;40
LDZOTA;38
LDZOTAW;34
LDZOTC;36
LDZOTH;38
LDZOTHA;36
LDZOTHAW;999
LDZOTHC;38
LDZOTHN;42
LDZOTHN37;38
LDZOTHNN;36
LDZOTHNY;999
LDZOTHS;38
LDZOTHS365;999
LDZOTHSY;999
LDZOTHW;40
LDZOTHWW;36
LDZOTHWY;999
LDZOTN;36
LDZOTNN;34
LDZOTOT;999
LDZOTQC;35
LDZOTS;36
LDZOTW;36
LDZOTWW;34
LDZOUA;35
LDZOUL;35
LDZOUL365;999
LDZOULA;37
LDZOULA365;999
LDZOULAY;999
LDZOULN;38
LDZOULN36;38
LDZOULS;37
LDZOULS365;999
LDZOULW;40
LDZOULW365;999
LDZOULWY;999
LDZOUN;34
LDZOUN36;999
LDZOUNY;999
LDZOUS;37
LDZOUSY;999
LDZOUW;37
LDZOUWY;999
LDZOW;37
LEBBTA;999
LEBL1234E;999
LEBL1234W;999
LEBL123E;24
LEBL124E;24
LEBL124N;24
LEBL12E;29
LEBL12FXW;20
LEBL12N;28
LEBL12W;28
LEBL12XE;22
LEBL12XN;22
LEBL134N;24
LEBL134W;24
LEBL14E;29
LEBL14N;29
LEBL14W;28
LEBL1FIW;21
LEBL1T4DXE;999
LEBL1T4DXN;999
LEBL1T4DXW;999
LEBL1XW;999
LEBL23E;29
LEBL23FW;21
LEBL23N;999
LEBL23W;29
LEBL2FIW;21
LEBL2FN;21
LEBL2XE;30
LEBL2XN;24
LEBL2XW;24
LEBL34DE;999
LEBL34DN;999
LEBL34DW;22
LEBL34E;28
LEBL34FDE;20
LEBL34FDN;20
LEBL34FE;21
LEBL34N;28
LEBL34W;32
LEBL3DE;24
LEBL3DN;24
LEBL3DW;28
LEBL3FIE;21
LEBL3FN;21
LEBL4DDE;24
LEBL4DDN;26
LEBL4DDW;999
LEBL4DE;28
LEBL4DN;32
LEBL4DW;32
LEBL4FIE;21
LEBL5AW;999
LEBLALL;19
LEBLCORE;28.06060606060606060606060606
LEBLD1E;37
LEBLDDI;43
LEBLDDN;42
LEBLDDS;42
LEBLDDX;39
LEBLF07;20
LEBLF1W;32
LEBLF25;20
LEBLFEL;20
LEBLFER;15
LEBLFIN;999
LEBLFIX;999
LEBLFWL;20
LEBLFWR;20
LEBLGR3;999
LEBLIAF;999
LEBLSW3;36
LEBLT1E;37
LEBLT1N;37
LEBLT1W;32
LEBLT2E;41
LEBLT2N;35
LEBLT2W;37
LEBLT3E;36
LEBLT3W;41
LEBLT4E;35
LEBLT4N;41
LEBLT4W;37
LEBLTGR;32
LEBLTMA;999
LEBLXAL;42
LEBLXAR;40
LECBALL;999
LECBBAS;39
LECBBKE;31
LECBBKW;31
LECBBML;999
LECBBMU;999
LECBCBM;35
LECBCCC;32
LECBCCL;32
LECBCCU;45
LECBCTA;999
LECBCVN;39
LECBLGL;34
LECBLGU;34
LECBLLI;33
LECBLVL;35
LECBLVS;40
LECBLVU;37
LECBMLS;38
LECBMMI;43
LECBMMS;999
LECBMNI;42
LECBMNL;42
LECBMNU;42
LECBMUS;41
LECBMVI;38
LECBMVS;40
LECBP1I;36
LECBP1L;38
LECBP1U;41
LECBPLI;999
LECBPP2;42
LECBPPI;36
LECBVCU;999
LECBVML;999
LECBVMN;38
LECBVMS;39
LECBVMU;999
LECBVNI;43
LECBVVI;40
LECBVVS;38
LECGTA;999
LECLAAE;24
LECLAAP;24
LECLAAW;24
LECLDEE;36
LECLDEW;36
LECLSUE;33
LECLSUW;33
LECLTMA;999
LECLTMN;28
LECLTMS;20
LECLTMW;36
LECLVSVC;36
LECLVVLC;26
LECMASI;36
LECMASL;35
LECMASU;37
LECMBDI;24
LECMBDP;24
LECMBLI;46
LECMBLL;39
LECMBLU;47
LECMCJI;37
LECMCJL;39
LECMCJU;43
LECMCTA;999
LECMCTAN;999
LECMCTAS;999
LECMCZI;28
LECMDGI;40
LECMDGL;40
LECMDGU;44
LECMDPI;27
LECMFRAS;999
LECMNWL;31
LECMPAI;34
LECMPAL;37
LECMPAU;46
LECMR1I;17
LECMR2I;25
LECMSAB;23
LECMSAI;31
LECMSAN;34
LECMSAU;36
LECMSEI;999
LECMSWI;999
LECMTCI;29
LECMTER;37
LECMTLI;40
LECMTLL;41
LECMTLU;44
LECMTZI;38
LECMZGZ;40
LECMZLM;38
LECMZMI;40
LECMZML;38
LECMZMU;45
LECMZTI;26
LECMZUM;45
LECP12O;35
LECPALL;25
LECPAPI;25
LECPAPO;30
LECPAPP;30
LECPAPR;30
LECPCTA;999
LECPDEO;34
LECPDEX;34
LECPDWO;34
LECPDWX;34
LECPF12;40
LECPF1O;37
LECPF1X;38
LECPF2X;35
LECPGIM;26
LECPGIO;26
LECPGIX;29
LECPGMX;29
LECPGOM;29
LECPGOX;37
LECPGXX;30
LECPIAX;28
LECPIRX;33
LECPIXX;28
LECPL1E;30
LECPL1W;30
LECPL2E;30
LECPL2W;30
LECPMXX;35
LECPPMO;29
LECPPMX;27
LECPPOX;36
LECPPXX;31
LECPRUT;30
LECSALCA;999
LECSALCB;999
LECSALL;15
LECSAPNN;25
LECSAPSS;999
LECSAPT;20
LECSASV;26
LECSBA1;38
LECSBAIL;999
LECSBLY;30
LECSCARB;999
LECSCEN;38
LECSCES;35
LECSCORA;999
LECSCORB;999
LECSGALT;999
LECSMA4;26.5
LECSMAR;33
LECSMARA;999
LECSMARB;999
LECSMNTA;999
LECSMNTB;999
LECSNCS;28
LECSNO1;40
LECSNOR;41
LECSRTA;25
LECSSEKO;999
LECSSEOX;999
LECSSEV;37
LECSSM1;30
LECSSM2;30
LECSSUR;39
LECSVEJA;999
LECSVEJB;999
LECSYES;41
LECSYSTE;999
LEGETA;999
LELPTOT;999
LEMDAEN;999
LEMDAES;999
LEMDALL;22
LEMDAPN;48
LEMDAPS;46
LEMDAPT;999
LEMDARN;30
LEMDARS;27
LEMDATN;26
LEMDATS;26
LEMDDEN;45
LEMDDES;43
LEMDDIN;53
LEMDDIS;53
LEMDDNS;36
LEMDDWN;45
LEMDDWS;43
LEMDEAN;26
LEMDEAS;999
LEMDEDN;43
LEMDEDS;40
LEMDEIN;42
LEMDEIS;42
LEMDENN;45
LEMDENS;47
LEMDERN;32
LEMDERS;32
LEMDESN;45
LEMDESS;43
LEMDETN;29
LEMDEXN;28
LEMDEXS;28
LEMDFIX;999
LEMDIAF;999
LEMDREN;34
LEMDRES;33
LEMDRNN;36
LEMDRNS;36
LEMDRSN;36
LEMDRSS;34
LEMDRWN;36
LEMDRWS;32
LEMDTEN;29
LEMDTES;43
LEMDTMA;999
LEMDTNN;29
LEMDTNS;25
LEMDTSN;26
LEMDTSS;29
LEMDTWN;45
LEMDTWS;43
LEMDWAN;26
LEMDWAS;999
LEMDWDN;40
LEMDWDS;40
LEMDWIN;42
LEMDWIS;42
LEMDWNN;43
LEMDWNS;43
LEMDWRN;32
LEMDWRS;32
LEMDWSN;47
LEMDWSS;45
LEMDXES;999
LEMDXWN;32
LEMGAPP;50
LEMGARN;25
LEMGARS;25
LEMGCEN;999
LEMGDEN;25
LEMGDES;25
LEMGSUR;999
LEMGTM;999
LEMGW;999
LEPAFIX;999
LEPAIAF;999
LERSTA;999
LETOT;999
LEZGTA;999
LFBBBDX;28
LFBBBN;37
LFBBFBDX;50
LFBBFNOR;42
LFBBFSUD;47
LFBBH1;38
LFBBH14;999
LFBBH2;40
LFBBH23;999
LFBBH3;38
LFBBH34;999
LFBBH4;44
LFBBL1;31
LFBBL12;999
LFBBL2;37
LFBBL3;40
LFBBL34;999
LFBBL4;36
LFBBLM;35
LFBBN1;999
LFBBN2;30
LFBBN23;999
LFBBN3;38
LFBBN34;999
LFBBN4;44
LFBBNH1;38
LFBBNH12;23
LFBBNH14;999
LFBBNH2;42
LFBBNH3;38
LFBBNH34;44
LFBBNH4;47
LFBBP1;44
LFBBP12;45
LFBBP123;40
LFBBP1234;47
LFBBP2;44
LFBBP23;999
LFBBP234;999
LFBBP3;44
LFBBP34;44
LFBBP4;999
LFBBPT;39
LFBBPZ;999
LFBBR1;32
LFBBR12;999
LFBBR2;35
LFBBR3;35
LFBBR34;999
LFBBR4;40
LFBBRL;44
LFBBRL1;36
LFBBRL12;42
LFBBRL13;44
LFBBRL2;38
LFBBRL3;38
LFBBRL34;46
LFBBRL4;42
LFBBT1;34
LFBBT12;38
LFBBT123;42
LFBBT14;44
LFBBT2;37
LFBBT3;37
LFBBT34;37
LFBBT4;37
LFBBTG;32
LFBBTZ;39
LFBBUBDX;35
LFBBUNOR;42
LFBBUS1;46
LFBBUS12;50
LFBBUS13;47
LFBBUS2;48
LFBBUS3;44
LFBBUS34;51
LFBBUS4;50
LFBBUSUD;46
LFBBX1;34
LFBBX2;34
LFBBX3;33
LFBBX34;999
LFBBX4;41
LFBBXNH1;38
LFBBXNH2;38
LFBBXNH3;34
LFBBXNH4;42
LFBBZ1;41
LFBBZ2;40
LFBBZ3;36
LFBBZ34;999
LFBBZ4;44
LFBBZNH4;999
LFBBZX;999
LFBBZX1;39
LFBBZX12;40
LFBBZX2;42
LFBBZX3;40
LFBBZX34;50
LFBBZX4;49
LFBDTMA;999
LFBHTMA;999
LFBITMA;999
LFBLTMA;999
LFBOFIS;999
LFBOTMA;999
LFBPFIS;999
LFBZFIS;999
LFEE2F;40
LFEE4E;40
LFEE4E2F;999
LFEE4EH;42
LFEE4H;38
LFEE4N;44
LFEE5E;999
LFEE5EH;38
LFEE5H;999
LFEE5R;42
LFEEE;26
LFEEEHF;999
LFEEESE;33
LFEEEUE;30
LFEEEUXE;999
LFEEHE;33
LFEEHEH;38
LFEEHH;31
LFEEHN;38
LFEEHNR;999
LFEEHYR;38
LFEEKD;34
LFEEKD2F;40
LFEEKDF;999
LFEEKE;29
LFEEKEH;31
LFEEKF;33
LFEEKH;29
LFEEKHE;35
LFEEKHEH;999
LFEEKHH;31
LFEEKHN;40
LFEEKHNB;999
LFEEKHNR;42
LFEEKHNRDT;999
LFEEKHR;42
LFEEKHRZIU;999
LFEEKN;30
LFEEKNR;999
LFEEKR;26
LFEERFUE;999
LFEERLM315;999
LFEERMS;999
LFEESE;30
LFEESEUH;35
LFEESUXH;999
LFEEUB;999
LFEEUBN;999
LFEEUE;30
LFEEUEH;999
LFEEUF;34
LFEEUH;30
LFEEUKBN;999
LFEEUKNR;999
LFEEUN;999
LFEEUR;28
LFEEURME;999
LFEEURMN;42
LFEEUXE;35
LFEEUXEH;999
LFEEUXH;34
LFEEUXKE;35
LFEEUXKH;35
LFEEUXKR;38
LFEEUXNR;35
LFEEUXR;35
LFEEWEST;999
LFEEXE;30
LFEEXEH;999
LFEEXH;28
LFEEXKE;33
LFEEXKEH;999
LFEEXKH;33
LFEEXKHE;38
LFEEXKHEHR;999
LFEEXKHH;31
LFEEXKHR;999
LFEEXKHRZL;999
LFEEXKR;999
LFEEXR;33
LFERZUHYR;999
LFERZUIKHR;999
LFFESKXHR;999
LFFFAENB;999
LFFFAO;30
LFFFAOAR;999
LFFFAOML;40
LFFFAOMLS;999
LFFFAORS;999
LFFFAOS;999
LFFFAOUS;34
LFFFAP;36
LFFFAPTE;999
LFFFAR;33
LFFFARML;45
LFFFARMLS;999
LFFFCTAE;999
LFFFCTAW;999
LFFFDGTJ;38
LFFFDODG;50
LFFFDOGS;45
LFFFDOGSS;999
LFFFEEUF2;999
LFFFEGA;999
LFFFHP;38
LFFFHPKZ;999
LFFFLMH;48
LFFFLMHJ;48
LFFFLMPT;40
LFFFLOW;999
LFFFLPAE;999
LFFFLPT;42
LFFFMHPT;40
LFFFMPT;999
LFFFOG;25
LFFFOGRT;999
LFFFOGRTM;999
LFFFOGY;999
LFFFOPKZ;999
LFFFOPKZS;999
LFFFORGY;32
LFFFORGYS;999
LFFFOT;28
LFFFOTRT;999
LFFFOY;25
LFFFOYOT;999
LFFFOYOTM;999
LFFFPAE;999
LFFFPARIS;999
LFFFRPAE;35
LFFFRPW;33
LFFFRPWS;999
LFFFRT;28
LFFFS;999
LFFFSDS;26
LFFFSDSS;999
LFFFSTREAM;999
LFFFTB;32
LFFFTBXP;999
LFFFTE;28
LFFFTENB;999
LFFFTH;28.5
LFFFTHUZ;35
LFFFTL;32
LFFFTM;24
LFFFTML;40
LFFFTN;30
LFFFTNTB;999
LFFFTNXP;999
LFFFTP;28
LFFFTPHK;999
LFFFTPHZ;999
LFFFTPTH;40
LFFFTPUK;36
LFFFUJ;31
LFFFUK;34
LFFFUKUZ;36
LFFFUP;32
LFFFUPPU;999
LFFFUS;23
LFFFUT;38
LFFFUTTJ;999
LFFFUTTS;999
LFFFUTTU;999
LFFFUZ;30
LFFFUZS;999
LFKBFIS;999
LFKJTMA;999
LFLBTA;999
LFLBTMA;999
LFLCFIS;999
LFLLTA;999
LFLLTMA;999
LFMLCTA;999
LFMLTMA;999
LFMM12MNST;999
LFMMA1;35
LFMMA12;999
LFMMA123;999
LFMMA2;35
LFMMA234;999
LFMMA3;26
LFMMA34;999
LFMMA4;26
LFMMAA;46
LFMMAB;50
LFMMAB1;42
LFMMAB12;44
LFMMAB2;38
LFMMAB23;999
LFMMAB234;45
LFMMAB3;26
LFMMAB34;42
LFMMAB4;28
LFMMABEK;33
LFMMABMNST;999
LFMMABY4;999
LFMMAIET;35
LFMMAJ;27
LFMMB1;38
LFMMB12;40
LFMMB123;999
LFMMB2;35
LFMMB234;42
LFMMB3;26
LFMMB34;38
LFMMB4;26
LFMMBAM;40
LFMMBB;46
LFMMBEK;40
LFMMBT;28
LFMMBTAJ;38
LFMMBY4;999
LFMMDD;34
LFMMDH;28
LFMMDL;28
LFMMDZ;34
LFMMDZH;30
LFMMDZL;30
LFMME1;32
LFMME12;32
LFMME2;28
LFMME23;34
LFMME3;35
LFMMEE;37
LFMMEK;38
LFMMEK1;32
LFMMEK12;32
LFMMEK2;28
LFMMEK23;34
LFMMEK3;35
LFMMEKBTAJ;999
LFMMF1;32
LFMMF12;34
LFMMF123;38
LFMMF2;29
LFMMF23;999
LFMMF3;24
LFMMF34;31
LFMMFDH;999
LFMMFDL;999
LFMMFDZ;36
LFMMFDZH;999
LFMMFDZL;999
LFMMFF;40
LFMMG1;32
LFMMG12;35
LFMMG123;36
LFMMG2;32
LFMMG23;999
LFMMG234;999
LFMMG3;26
LFMMG34;35
LFMMG4;26
LFMMGG;44
LFMMGY;46
LFMMGY1;999
LFMMGY12;38
LFMMGY2;999
LFMMGY234;999
LFMMGY3;26
LFMMGY34;39
LFMMGY4;30
LFMMGYA;40
LFMMGYA4;999
LFMMGYAB;36
LFMMGYAB4;999
LFMMK1;30
LFMMK12;32
LFMMK2;30
LFMMK23;36
LFMMK3;30
LFMMKK;39
LFMMLE;28
LFMMLELS;36
LFMMLO;28
LFMMLOLE;32
LFMMLOLS;32
LFMMLOW;999
LFMMLS;28
LFMMLYO;44
LFMMM1;32
LFMMM12;36
LFMMM123;36
LFMMM2;30
LFMMM234;999
LFMMM3;26
LFMMM34;32
LFMMM4;26
LFMMMALY;38
LFMMMALYM;999
LFMMMEDH;999
LFMMMEDL;999
LFMMMF;42
LFMMMF1;34
LFMMMF12;36
LFMMMF2;32
LFMMMF3;28
LFMMMF34;36
LFMMMF4;30
LFMMMFDZ;36
LFMMMID;999
LFMMML;28
LFMMMM;38
LFMMMN;38
LFMMMNAB;999
LFMMMNAB1;999
LFMMMNB1;38
LFMMMNBT;999
LFMMMNST;36
LFMMMO;26
LFMMMOML;36
LFMMMTL2;999
LFMMRAE;32
LFMMRAEE;39
LFMMRAEE1;39
LFMMRAEE12;999
LFMMRAEM;36
LFMMRAES;36
LFMMRAW;32
LFMMRAWC;999
LFMMRAWL;999
LFMMRAWM;32
LFMMRAWN;999
LFMMRAWQ;999
LFMMRAWS;999
LFMMSAB;999
LFMMSBAM;46
LFMMSBM;999
LFMMST;31
LFMMSTAJ;999
LFMMW1;32
LFMMW12;34
LFMMW2;30
LFMMW23;36
LFMMW3;34
LFMMWA;999
LFMMWM;32
LFMMWMF;999
LFMMWMFDZ;32
LFMMWMOML;999
LFMMWW;41
LFMMY1;35
LFMMY12;38
LFMMY123;999
LFMMY2;34
LFMMY234;999
LFMMY3;26
LFMMY34;37
LFMMY4;26
LFMMYA;999
LFMMYAB;999
LFMMYY;44
LFMMZH;30
LFMMZL;28
LFMMZZ;34
LFMNFCTA;999
LFMNND;999
LFMTFA;999
LFMTFE;999
LFMTFEW;999
LFMTTMA;999
LFMTTMAW;999
LFPGITME;999
LFPGITMW;999
LFPMSI;999
LFPMSISJ;999
LFPMSIV;999
LFPMSJ;999
LFPMSJSK;999
LFPMSK;999
LFQQFISE;999
LFQQFISW;999
LFQQTMA;999
LFRGTMA;999
LFRRA;36
LFRRAI;24
LFRRAIU;29
LFRRAS;27
LFRRASI;27
LFRRAU;29
LFRRBREST;999
LFRRCTA;999
LFRREST;38
LFRRESTI;37
LFRRESTIU;36
LFRRESTS;36
LFRRESTSI;34
LFRRESTU;36
LFRRFBRT;27
LFRRFNORD;34
LFRRFNORE;999
LFRRFWEST;999
LFRRG;39
LFRRGA;43
LFRRGAI;999
LFRRGAIU;33
LFRRGAS;33
LFRRGASI;33
LFRRGAU;33
LFRRGI;27
LFRRGIU;32
LFRRGS;29
LFRRGSI;29
LFRRGU;32
LFRRID;17
LFRRIDNOR;999
LFRRIN;17
LFRRINN;999
LFRRINNGA;999
LFRRJ;36
LFRRJHU;33
LFRRJK;999
LFRRJS;27
LFRRJSH;29
LFRRJU;33
LFRRJV;39.5
LFRRK;33
LFRRKS;29
LFRRKU;29
LFRRKW;33
LFRRKWS;31
LFRRKWU;29
LFRRM;28
LFRRMI;999
LFRRMIU;999
LFRRMQ;30
LFRRMQI;999
LFRRMQIU;25.5
LFRRMQS;28
LFRRMQSI;28
LFRRMQU;25
LFRRMS;26
LFRRMSI;26
LFRRMU;26
LFRRMZ;40
LFRRMZI;31
LFRRMZIU;37
LFRRMZS;34
LFRRMZSI;36
LFRRMZU;37
LFRRN;39
LFRRNGA;34
LFRRNI;31
LFRRNIU;36
LFRRNORD;35
LFRRNORE;999
LFRRNS;30
LFRRNSI;36
LFRRNU;33
LFRRQ;28
LFRRQI;999
LFRRQS;26
LFRRQSI;26
LFRRQU;26
LFRRQX;40
LFRRQXI;31
LFRRQXIU;32
LFRRQXS;34
LFRRQXSI;32
LFRRQXU;32
LFRRUBRT;999
LFRRV;33
LFRRVK;31
LFRRVKS;29
LFRRVKU;29
LFRRVKW;30
LFRRVKWS;33
LFRRVKWU;33
LFRRVS;31
LFRRVU;31
LFRRVW;33
LFRRVWS;31
LFRRVWU;29
LFRRW;31
LFRRWA;999
LFRRWEST;999
LFRRWS;25
LFRRWU;25
LFRRX;40
LFRRXI;31
LFRRXIU;37
LFRRXS;34
LFRRXSI;34
LFRRXU;34
LFRRZ;40
LFRRZI;31
LFRRZIU;37
LFRRZS;34
LFRRZSI;34
LFRRZU;34
LFRRZX;38
LFRRZXI;37
LFRRZXIU;36
LFRRZXS;36
LFRRZXSI;36
LFRRZXU;36
LFRSEC;999
LFRSSIVE;999
LFRSTMA;999
LFRSWC;999
LFSBALL;999
LFSBBM;999
LFSTALL;999
LFSTSC;999
LFTHTA;999
LGADTMA;999
LGGGAL1;999
LGGGALL;999
LGGGCTA;999
LGGGKAV;49
LGGGKFKR;38
LGGGKFN;39
LGGGKFNL;37
LGGGKFNU;40
LGGGKFPL;32
LGGGKRK;39
LGGGKRKL;37
LGGGKRKU;40
LGGGMIL;37
LGGGMILL;32
LGGGMILU;41
LGGGMLRD;30
LGGGMLST;38
LGGGMSK;34
LGGGPLH;41
LGGGRDKA;34
LGGGRDS;35
LGGGRDSL;30
LGGGRDSML;999
LGGGRDSU;40
LGGGRSK;34
LGGGS;32
LGGGSIT;49
LGGGSTKA;47
LGGGW;33
LGMDALL;36
LGMDCTA;999
LGMDE;36
LGMDEL;38
LGMDELM;38
LGMDEU;38
LGMDEUM;38
LGMDKVL;999
LGMDKVLL;999
LGMDKVLM;999
LGMDKVLML;42
LGMDKVLMU;42
LGMDKVLU;42
LGMDLMEL;999
LGMDLMO;999
LGMDLMOL;999
LGMDLMOM;999
LGMDLMOML;40
LGMDLMOMU;42
LGMDLMOU;37
LGMDSKPU;40
LGMDTSLU;42
LGMDW;38
LGMDWEL;999
LGMDWKVLL;999
LGMDWL;36
LGMDWLKVLL;999
LGMDWLMOL;999
LGMDWLSK;36
LGMDWU;40
LGSTRDE;999
LHBPTA;999
LHCCALL;55
LHCCCTA;999
LHCCEAST;53
LHCCEASTH;51
LHCCEASTL;44
LHCCEASTM;51
LHCCEASTT;53
LHCCEASTU;51
LHCCEHT;53
LHCCELM;44
LHCCELMU;44
LHCCELMUH;40
LHCCEMU;48
LHCCEMUH;999
LHCCEMUHT;48
LHCCEUH;999
LHCCEUHT;53
LHCCWEHT;999
LHCCWELMUH;999
LHCCWEST;42
LHCCWESTH;51
LHCCWESTL;42
LHCCWESTM;51
LHCCWESTT;53
LHCCWESTU;51
LHCCWETOP;999
LHCCWHT;53
LHCCWLM;44
LHCCWLMU;44
LHCCWLMUH;40
LHCCWMU;44
LHCCWMUH;999
LHCCWMUHT;44
LHCCWUH;48
LHCCWUHT;53
LHKRBLM;40
LHKRBLMU;999
LHKRBMUT;999
LHKRBUT;40
LHKRKFOR;40
LHKRKFORBL;999
LHKRKFORBM;999
LHKRKFORBT;999
LHKRKFORBU;999
LIBBACC14;999
LIBBACC15;999
LIBBALL;54
LIBBCTA;999
LIBBES;56
LIBBES1;999
LIBBES13;999
LIBBES14;60
LIBBES15;56
LIBBES4;999
LIBBES45;55
LIBBES46;999
LIBBES5;999
LIBBES56;55
LIBBES6;55
LIBBMD;55
LIBBMD1;999
LIBBMD13;999
LIBBMD14;56
LIBBMD15;55
LIBBMD4;999
LIBBMD45;54
LIBBMD46;999
LIBBMD5;999
LIBBMD56;56
LIBBMD6;59
LIBBME;55
LIBBME12;58
LIBBME13;60
LIBBME14;56
LIBBME15;55
LIBBME34;56
LIBBME35;55
LIBBME36;999
LIBBME45;999
LIBBME46;999
LIBBME5;55
LIBBME56;53
LIBBME6;54
LIBBND;54
LIBBND1;999
LIBBND13;999
LIBBND14;56
LIBBND15;55
LIBBND45;999
LIBBND46;999
LIBBND5;999
LIBBND56;53
LIBBND6;54
LIBBUPP56;999
LIBBUPP6;999
LIBDTMA;999
LIEOALL;999
LIEOCR;999
LIEOUPP;999
LILMLGLC;999
LIMMACL;24
LIMMADE;36
LIMMADE18;999
LIMMADEX;999
LIMMALL;999
LIMMANE;41
LIMMANS;999
LIMMANW;41
LIMMANWX;999
LIMMARN;999
LIMMARR;33
LIMMASR;999
LIMMASW;34
LIMMAWY;999
LIMMCE12;50
LIMMCE13;51
LIMMCE14;49
LIMMCE2;48
LIMMCE23;49
LIMMCE24;47
LIMMCE25;999
LIMMCE26;999
LIMMCE34;999
LIMMCE35;999
LIMMCE36;999
LIMMCE46;999
LIMMCE56;999
LIMMCEN;999
LIMMCTAE;999
LIMMCTAW;999
LIMME;61
LIMME12;999
LIMME13;58
LIMME15;58
LIMME2;999
LIMME23;999
LIMME24;999
LIMME25;999
LIMME26;999
LIMME3;999
LIMME34;56
LIMME35;59
LIMME36;66
LIMME4;58
LIMME45;60
LIMME45X;999
LIMME46;64
LIMME5;58
LIMME56;63
LIMME5X;999
LIMME6;58
LIMMEN;62
LIMMEN2;999
LIMMEN23;54
LIMMEN24;56
LIMMEN25;59
LIMMEN34;999
LIMMEN35;57
LIMMEN36;61
LIMMEN45;57
LIMMEN46;49
LIMMEN5;999
LIMMEN56;59
LIMMEN6;55
LIMMENS2;55
LIMMENS23;999
LIMMES;62
LIMMES1;48
LIMMES12;50
LIMMES12X;999
LIMMES13;50
LIMMES13X;999
LIMMES14;50
LIMMES15;54
LIMMES2;999
LIMMES23;48
LIMMES23X;999
LIMMES24;49
LIMMES25;55
LIMMES26;61
LIMMES2X;999
LIMMES3;999
LIMMES34;999
LIMMES35;57
LIMMES36;64
LIMMES3X;999
LIMMES4;999
LIMMES45;59
LIMMES46;64
LIMMES5;999
LIMMES56;65
LIMMES6;999
LIMMESC1;999
LIMMGOL4;999
LIMMGOL45;999
LIMMGOL5;999
LIMMGOL6;999
LIMMLADE;999
LIMMLANE;999
LIMMLAR;30
LIMMMAP;999
LIMMMAR;40
LIMMNE2;54
LIMMNE23;999
LIMMNEW;40
LIMMNN2;999
LIMMNN23;999
LIMMNS2;999
LIMMNS3;999
LIMMNW12;999
LIMMNW13;999
LIMMNW2;48
LIMMNW23;999
LIMMUPP;999
LIMMUPP34;999
LIMMUPP4;999
LIMMUPP5;999
LIMMUPP56;999
LIMMUPP6;999
LIMMW;999
LIMMW1;999
LIMMW12;999
LIMMW13;999
LIMMW14;999
LIMMW15;999
LIMMW23;999
LIMMW24;999
LIMMW25;999
LIMMW26;999
LIMMW3;999
LIMMW34;999
LIMMW35;999
LIMMW36;999
LIMMW4;999
LIMMW45;999
LIMMW46;999
LIMMW56;999
LIMMWC;55
LIMMWC1;57
LIMMWC12;999
LIMMWC13;50
LIMMWC15;51
LIMMWC2;999
LIMMWC23;999
LIMMWC24;999
LIMMWC25;999
LIMMWC26;999
LIMMWC3;999
LIMMWC34;50
LIMMWC35;51
LIMMWC36;55
LIMMWC4;52
LIMMWC45;51
LIMMWC45X;999
LIMMWC46;56
LIMMWC5;52
LIMMWC56;56
LIMMWC5X;999
LIMMWC6;52
LIMMWN;57
LIMMWN1;999
LIMMWN12;51
LIMMWN13;50
LIMMWN14;50
LIMMWN15;52
LIMMWN2;999
LIMMWN23;49
LIMMWN24;48
LIMMWN25;51
LIMMWN26;55
LIMMWN34;58
LIMMWN35;53
LIMMWN36;54
LIMMWN4;999
LIMMWN45;52
LIMMWN46;58
LIMMWN5;999
LIMMWN56;58
LIMMWS;999
LIMMWS1;999
LIMMWS12;49
LIMMWS13;50
LIMMWS14;51
LIMMWS15;55
LIMMWS2;999
LIMMWS23;52
LIMMWS25;999
LIMMWS26;999
LIMMWS34;999
LIMMWS35;999
LIMMWS36;999
LIMMWS4;999
LIMMWS45;999
LIMMWS46;999
LIMMWS56;999
LIMMWSC;55
LIMMWSC1;999
LIMMWSC12;50
LIMMWSC13;49
LIMMWSC14;48
LIMMWSC15;51
LIMMWSC2;999
LIMMWSC23;999
LIMMWSC24;46
LIMMWSC25;51
LIMMWSC26;54
LIMMWSC3;999
LIMMWSC34;47
LIMMWSC35;50
LIMMWSC36;54
LIMMWSC4;999
LIMMWSC45;51
LIMMWSC46;56
LIMMWSC5;999
LIMMWSC56;55
LIMMWSC6;999
LIMMWSCE1;999
LIPP5E;999
LIPPALL;59
LIPPC34;999
LIPPCS1;999
LIPPCS12;60
LIPPCS2;999
LIPPCS23;999
LIPPCS34;55
LIPPCS35;54
LIPPCS36;64
LIPPCS45;54
LIPPCS46;57
LIPPCS5;54
LIPPCS56;57
LIPPCS6;57
LIPPCSE1;60
LIPPCSE12;58
LIPPCSE13;999
LIPPCSE2;54
LIPPCSE23;999
LIPPCSE34;55
LIPPCSE35;56
LIPPCSE36;999
LIPPCSE46;61
LIPPCSE5;55
LIPPCSE56;60
LIPPCSE6;59
LIPPCTA;999
LIPPE1;999
LIPPE12;59
LIPPE13;999
LIPPE14;999
LIPPE23;999
LIPPE34;999
LIPPE35;999
LIPPE36;57
LIPPE45;999
LIPPE46;57
LIPPE56;57
LIPPE6;56
LIPPN12;55
LIPPN13;54
LIPPN14;54
LIPPN34;53
LIPPN35;55
LIPPN36;56
LIPPN4;54
LIPPN45;55
LIPPN46;64
LIPPN5;54
LIPPN56;56
LIPPN6;56
LIPPNC;58
LIPPNC1;999
LIPPNC12;56
LIPPNC13;55
LIPPNC14;54
LIPPNC2;999
LIPPNC23;999
LIPPNC34;54
LIPPNC35;57
LIPPNC36;57
LIPPNC4;999
LIPPNC45;56
LIPPNC46;56
LIPPNC5;57
LIPPNC56;57
LIPPNC6;56
LIPPNCE;57
LIPPNCE1;999
LIPPNCE12;57
LIPPNCE13;56
LIPPNCE14;57
LIPPNCE34;55
LIPPNCE35;55
LIPPNCE36;56
LIPPNCE45;55
LIPPNCE46;56
LIPPNCE5;56
LIPPNCE56;57
LIPPNCE6;54
LIPPNCS12;59
LIPPNCS13;57
LIPPNCS14;58
LIPPNCS36;58
LIPPNCS46;58
LIPPNCS56;57
LIPPNCS6;999
LIPPNE34;52
LIPPNE35;55
LIPPNE45;999
LIPPNE5;55
LIPPNE6;57
LIPPNEC45;999
LIPPNEC6;999
LIPPNW35;56
LIPPNW45;999
LIPPNW5;54
LIPPNW6;55
LIPPNWC1;999
LIPPNWC12;52
LIPPNWC13;999
LIPPNWC23;999
LIPPNWC34;999
LIPPNWC35;999
LIPPNWC36;60
LIPPNWC45;999
LIPPNWC46;60
LIPPNWC5;999
LIPPNWC56;60
LIPPNWC6;57
LIPPNWSE;57
LIPPR21;999
LIPPR26;999
LIPPR49;999
LIPPSD;64
LIPPSD12;59
LIPPSD13;999
LIPPSD14;999
LIPPSD15;999
LIPPSD34;58
LIPPSD35;61
LIPPSD36;64
LIPPSD45;999
LIPPSD46;66
LIPPSD5;62
LIPPSD56;64
LIPPSD6;63
LIPPSU;62
LIPPSU1;999
LIPPSU12;57
LIPPSU13;57
LIPPSU14;58
LIPPSU15;59
LIPPSU2;999
LIPPSU23;999
LIPPSU34;57
LIPPSU35;59
LIPPSU36;60
LIPPSU4;999
LIPPSU45;58
LIPPSU46;60
LIPPSU5;59
LIPPSU56;61
LIPPSU6;62
LIPPSW1;999
LIPPSW2;999
LIPPSW3;999
LIPPSW4;999
LIPPSW5;999
LIPPSW6;999
LIPPSWD;61
LIPPSWD1;999
LIPPSWD12;57
LIPPSWD13;57
LIPPSWD14;58
LIPPSWD34;57
LIPPSWD35;59
LIPPSWD36;62
LIPPSWD45;59
LIPPSWD46;62
LIPPSWD5;59
LIPPSWD56;61
LIPPSWD6;62
LIPPW1;999
LIPPW12;999
LIPPW13;999
LIPPW14;999
LIPPW23;999
LIPPW34;999
LIPPW35;999
LIPPW45;999
LIPPW5;999
LIPPW56;999
LIPPW6;999
LIR51B;999
LIR51C;999
LIR51D;999
LIR51E;999
LIRRALL;999
LIRRD67;999
LIRRDAR;33
LIRRDPNS;58
LIRRES;63
LIRRES13;999
LIRRES14;60
LIRRES15;999
LIRRES46;999
LIRRES5;999
LIRRES56;60
LIRREW;55
LIRREW12;999
LIRREW13;57
LIRREW14;55
LIRREW15;55
LIRREW34;999
LIRREW45;52
LIRREW46;999
LIRREW5;999
LIRREW56;53
LIRREW6;53
LIRREWC;999
LIRREWC14;999
LIRREWC15;999
LIRREWC5;999
LIRREWC56;999
LIRREWC6;999
LIRREWN;999
LIRREWN14;999
LIRREWN15;999
LIRREWN5;999
LIRREWN56;999
LIRREWN6;999
LIRRMBPTOT;999
LIRRNE;62
LIRRNE12;999
LIRRNE13;48
LIRRNE14;49
LIRRNE15;55
LIRRNE23;999
LIRRNE24;999
LIRRNE25;999
LIRRNE26;999
LIRRNE34;999
LIRRNE35;999
LIRRNE36;999
LIRRNE45;999
LIRRNE45X;999
LIRRNE5;999
LIRRNE6;62
LIRRNEE;57
LIRRNEE12;52
LIRRNEE13;52
LIRRNEE14;53
LIRRNEE15;999
LIRRNEE23;999
LIRRNEE24;999
LIRRNEE25;999
LIRRNEE26;999
LIRRNEE34;55
LIRRNEE35;999
LIRRNEE36;999
LIRRNEE45;55
LIRRNEE46;57
LIRRNEE5;999
LIRRNEE56;56
LIRRNEE5X;999
LIRRNN;56
LIRRNN12;999
LIRRNN13;52
LIRRNN14;53
LIRRNN15;53
LIRRNN23;999
LIRRNN24;999
LIRRNN25;999
LIRRNN26;999
LIRRNN34;999
LIRRNN35;999
LIRRNN36;999
LIRRNN45;51
LIRRNN45X;999
LIRRNN46;55
LIRRNN5;999
LIRRNNU;57
LIRRNNW;58
LIRRNNW12;999
LIRRNNW13;53
LIRRNNW14;55
LIRRNNW15;56
LIRRNNW23;999
LIRRNNW24;999
LIRRNNW25;999
LIRRNNW26;999
LIRRNNW34;999
LIRRNNW35;999
LIRRNNW36;999
LIRRNNW45;55
LIRRNNW46;58
LIRRNNW5;999
LIRRNNW56;57
LIRRNU;999
LIRRNU13;999
LIRRNU14;999
LIRRNU15;999
LIRRNU45;999
LIRRNU5;999
LIRRNU56;999
LIRRNU6;999
LIRRNUS;999
LIRRNUS13;999
LIRRNUS14;999
LIRRNUS15;999
LIRRNUS45;999
LIRRNUS46;999
LIRRNUS5;999
LIRRNUS56;999
LIRRNUS6;999
LIRRNUW;999
LIRRNUW13;999
LIRRNUW14;999
LIRRNUW15;999
LIRRNUW45;999
LIRRNUW5;999
LIRRNUW56;999
LIRRNUW6;999
LIRRNW;54
LIRRNW1;999
LIRRNW12;51
LIRRNW13;49
LIRRNW14;52
LIRRNW15;53
LIRRNW23;999
LIRRNW24;999
LIRRNW25;999
LIRRNW26;999
LIRRNW34;51
LIRRNW35;52
LIRRNW36;999
LIRRNW45;52
LIRRNW46;54
LIRRNW5;999
LIRRNW56;52
LIRRNW6;54
LIRRNWW;55
LIRRNWW12;53
LIRRNWW13;52
LIRRNWW14;53
LIRRNWW15;54
LIRRNWW24;999
LIRRNWW25;999
LIRRNWW26;999
LIRRNWW34;52
LIRRNWW35;53
LIRRNWW36;999
LIRRNWW45;53
LIRRNWW46;54
LIRRNWW5;999
LIRRNWW56;53
LIRRNWW6;55
LIRROD;47
LIRRODA;40
LIRROV;58
LIRROV1;999
LIRROV12;999
LIRROV13;999
LIRROV14;52
LIRROV15;53
LIRROV2;999
LIRROV3;999
LIRROV34;999
LIRROV35;999
LIRROV4;999
LIRROV45;999
LIRROV46;999
LIRROV5;54
LIRROV56;57
LIRROV6;56
LIRROVU;50
LIRRPN1;999
LIRRPN12;57
LIRRPS1;999
LIRRPS12;59
LIRRSE;62
LIRRSE14;999
LIRRSE15;999
LIRRSE5;999
LIRRSE56;999
LIRRSE6;999
LIRRSU;56
LIRRSU13;999
LIRRSU14;58
LIRRSU15;999
LIRRSU46;999
LIRRSU5;999
LIRRSU56;52
LIRRTES;999
LIRRTES14;999
LIRRTES15;999
LIRRTES46;999
LIRRTES5;999
LIRRTES56;999
LIRRTES6;999
LIRRTS;54
LIRRTS12;999
LIRRTS13;999
LIRRTS14;52
LIRRTS15;55
LIRRTS34;999
LIRRTS35;999
LIRRTS45;999
LIRRTS45X;999
LIRRTS46;999
LIRRTS5;999
LIRRTS56;53
LIRRTS6;52
LIRRTSE;999
LIRRTSE14;999
LIRRTSE15;999
LIRRTSE46;999
LIRRTSE5;999
LIRRTSE56;999
LIRRTSE6;999
LIRRTSS;999
LIRRTSS14;999
LIRRTSS15;999
LIRRTSS46;999
LIRRTSS5;999
LIRRTSS56;999
LIRRTSS6;999
LIRRTU;54
LIRRTU46;999
LIRRTU56;54
LIRRTU6;52
LIRRUS;55
LIRRUS12;999
LIRRUS13;999
LIRRUS14;49
LIRRUS15;49
LIRRUS34;999
LIRRUS35;999
LIRRUS45;999
LIRRUS45X;999
LIRRUS46;999
LIRRUS5;999
LIRRUS56;57
LIRRUS6;57
LIRRWE;999
LIRRWE13;999
LIRRWE14;999
LIRRWE15;999
LIRRWE45;999
LIRRWE5;999
LIRRWE56;999
LIRRWE6;999
LIRRWNN;55
LIRRWNN12;53
LIRRWNN13;52
LIRRWNN14;53
LIRRWNN15;54
LIRRWNN23;999
LIRRWNN24;999
LIRRWNN25;999
LIRRWNN26;999
LIRRWNN34;999
LIRRWNN35;999
LIRRWNN36;55
LIRRWNN45;53
LIRRWNN45X;999
LIRRWNN46;55
LIRRWNN5;999
LIRRWNN56;55
LIRRWNN6;999
LITSA74A;999
LITSA74B;999
LITSASCN1;999
LITSASCN2;999
LITSASCN3;999
LITSASCN4;999
LITSASCN5;999
LJLA0019;22
LJLA0024;22
LJLA0029;26
LJLA0032;26
LJLA0033;28
LJLA0034;28
LJLA0035;30
LJLA0036;30
LJLA2024;999
LJLA2032;30
LJLA2033;30
LJLA2034;33
LJLA2035;33
LJLA2036;33
LJLA2037;999
LJLA2066;33
LJLA2529;999
LJLA2532;999
LJLA2533;35
LJLA2534;35
LJLA2535;36
LJLA2536;36
LJLA2537;999
LJLA2538;999
LJLA2566;38
LJLA3032;999
LJLA3033;999
LJLA3034;33
LJLA3035;35
LJLA3036;35
LJLA3037;999
LJLA3038;999
LJLA3066;38
LJLA33;999
LJLA3334;999
LJLA3335;33
LJLA3336;35
LJLA3337;999
LJLA3338;999
LJLA3366;38
LJLA34;999
LJLA3435;32
LJLA3436;33
LJLA3437;35
LJLA3438;999
LJLA3466;38
LJLA35;999
LJLA3536;34
LJLA3537;33
LJLA3538;999
LJLA3566;40
LJLA36;999
LJLA3637;34
LJLA3638;999
LJLA3666;40
LJLA37;30
LJLA3738;32
LJLA3766;40
LJLA38;999
LJLA3866;40
LJLA3966;38
LJLACTA;999
LJLAONE;30
LJMBTA;999
LJMURFIS;999
LKAAALL;999
LKAACTA;999
LKAAH;48
LKAAHT;45
LKAAKV;30
LKAAL;50
LKAALM;45
LKAALMH;999
LKAAM;50
LKAAMT;30
LKAANH;48
LKAANHT;50
LKAANL;50
LKAANLM;999
LKAANM;50
LKAANSH;48
LKAANSHT;50
LKAANSL;50
LKAANSLM;45
LKAANSM;50
LKAANST;48
LKAANT;48
LKAASH;48
LKAASHT;50
LKAASL;50
LKAASLM;999
LKAASM;50
LKAAST;48
LKAAT;43
LKAATB;30
LKAAUTA;999
LKAAWH;48
LKAAWHT;50
LKAAWL;50
LKAAWLM;50
LKAAWM;50
LKAAWT;48
LKPRTA;999
LLLLCTA;999
LMMLTA;999
LMMMALL;39
LMMMALL1;999
LMMMCTA;999
LMMMEST;36
LMMMWST;36
LOVVAC12;999
LOVVAC13;999
LOVVAC14;999
LOVVAC3;999
LOVVAC35;999
LOVVAC4;999
LOVVAC45;999
LOVVAC5;999
LOVVB1;36
LOVVB12;999
LOVVB13;999
LOVVB14;999
LOVVB15;42
LOVVB23;999
LOVVB24;999
LOVVB25;40
LOVVB35;999
LOVVB45;999
LOVVCTA;999
LOVVE12;44
LOVVE13;46
LOVVE14;999
LOVVE15;50
LOVVE23;999
LOVVE24;999
LOVVE25;999
LOVVE3;34
LOVVE34;999
LOVVE35;43
LOVVE4;37
LOVVE45;42
LOVVE5;40
LOVVEW15;999
LOVVFOI;999
LOVVINN;999
LOVVINN1;999
LOVVLIZU;999
LOVVN1;37
LOVVN12;41
LOVVN13;999
LOVVN14;999
LOVVN15;46
LOVVN1F;30
LOVVN1G;28
LOVVN2;44
LOVVN23;999
LOVVN24;999
LOVVN25;46
LOVVN3;42
LOVVN34;999
LOVVN35;48
LOVVN4;44
LOVVN45;46
LOVVN5;999
LOVVNB45;999
LOVVNE12;39
LOVVNE13;40
LOVVNE14;999
LOVVNE15;46
LOVVNE23;999
LOVVNE24;999
LOVVNE25;999
LOVVNE3;999
LOVVNE34;999
LOVVNE35;43
LOVVNE4;999
LOVVNE45;44
LOVVNE5;999
LOVVNES15;999
LOVVNSW15;999
LOVVOLDI;999
LOVVS1;34
LOVVS12;37
LOVVS13;999
LOVVS14;999
LOVVS15;44
LOVVS2;38
LOVVS23;999
LOVVS24;999
LOVVS25;999
LOVVS3;36
LOVVS34;999
LOVVS35;42
LOVVS4;38
LOVVS45;44
LOVVS5;40
LOVVSC12;39
LOVVSC13;40
LOVVSC15;46
LOVVSC35;43
LOVVSC4;999
LOVVSC45;44
LOVVSC5;999
LOVVSE12;999
LOVVSE15;45
LOVVSE23;999
LOVVSE25;999
LOVVSE3;999
LOVVSE35;999
LOVVSE45;999
LOVVSTA1;999
LOVVSTA2;999
LOVVSTA3;999
LOVVSTA4;999
LOVVSTA5;999
LOVVSW12;36
LOVVSW15;40
LOVVSW35;40
LOVVSW45;999
LOVVW1;36
LOVVW12;39
LOVVW13;40
LOVVW14;999
LOVVW15;44
LOVVW2;41
LOVVW23;999
LOVVW24;999
LOVVW25;45
LOVVW3;40
LOVVW34;999
LOVVW35;45
LOVVW4;40
LOVVW45;44
LOVVW5;44
LOVVWB1;999
LOVVWB12;38
LOVVWB13;999
LOVVWB15;44
LOVVWB2;999
LOVVWB3;40
LOVVWB34;999
LOVVWB35;44
LOVVWB4;999
LOVVWB45;44
LOVVWB5;999
LOWGTA;999
LOWGTMA;999
LOWITMA;999
LOWKTMA;999
LOWLTMA;999
LOWSTMA;999
LOWWAPP;999
LOWWV1;999
LOWWV2;999
LOWWV3;999
LOWWV4;999
LOWWV5;999
LOWWV6;999
LOWWVB;999
LOWWVM;999
LOWWVN;999
LOWWVP;999
LPAZTA;999
LPFRTA;999
LPFRTMA;999
LPLATA;999
LPMATMA;999
LPPCAPP;38
LPPCCEL;35
LPPCCEN;30
LPPCCEU;42
LPPCCTA;999
LPPCEAST;22
LPPCMAD;23
LPPCNOL;35
LPPCNOREX;24
LPPCNORTH;30
LPPCNOU;42
LPPCNXUPP;42
LPPCSOL;35
LPPCSOL365;999
LPPCSOU;35
LPPCSOU365;999
LPPCSOUTH;35
LPPCSULEX;22
LPPCSXUPP;999
LPPCTLS;44
LPPCTMA;44
LPPCTMAPP;18
LPPCTUS;44
LPPCW345;30
LPPCW365;30
LPPCWEST;33
LPPCWL365;30
LPPCWU345;30
LPPOALL;999
LPPOOCA;999
LPPRTA;999
LQBKTMA;999
LQMOLOW;999
LQMOLTMA;999
LQMOLU;999
LQMOTAU;999
LQMOTMA;999
LQSALOW;999
LQSALU;999
LQSATAU;999
LQSATMA;999
LQSB2LOW;999
LQSB2LU;999
LQSB2MSLOW;999
LQSB2MSLU;999
LQSB2MTLOW;999
LQSB2MTLU;999
LQSB2STLOW;999
LQSB2STLU;999
LQSB3LOW;999
LQSB3LU;999
LQSBLOW;25
LQSBTOP;999
LQSBTOT;25
LQSBUPP;25
LQTZLOW;999
LQTZLTMA;999
LQTZLU;999
LQTZTAU;999
LQTZTMA;999
LRBBARG12;999
LRBBARG13;999
LRBBARG14;999
LRBBARG15;999
LRBBARG16;54
LRBBARG17;999
LRBBARG18;999
LRBBARG19;54
LRBBARG23;999
LRBBARG24;999
LRBBARG25;999
LRBBARG26;999
LRBBARG27;999
LRBBARG28;999
LRBBARG29;999
LRBBARG34;999
LRBBARG35;999
LRBBARG36;999
LRBBARG37;999
LRBBARG38;999
LRBBARG39;999
LRBBARG45;999
LRBBARG46;999
LRBBARG47;999
LRBBARG48;999
LRBBARG49;999
LRBBARG56;999
LRBBARG57;999
LRBBARG58;999
LRBBARG59;999
LRBBARG67;999
LRBBARG68;999
LRBBARG69;999
LRBBARG78;999
LRBBARG79;54
LRBBARG89;999
LRBBARG9;999
LRBBARGL;999
LRBBBAC1;999
LRBBBAC12;999
LRBBBAC13;999
LRBBBAC14;999
LRBBBAC15;999
LRBBBAC16;999
LRBBBAC17;999
LRBBBAC18;999
LRBBBAC19;54
LRBBBAC23;999
LRBBBAC24;999
LRBBBAC25;999
LRBBBAC26;999
LRBBBAC27;999
LRBBBAC28;999
LRBBBAC29;999
LRBBBAC34;999
LRBBBAC35;999
LRBBBAC36;999
LRBBBAC37;999
LRBBBAC38;999
LRBBBAC39;999
LRBBBAC45;999
LRBBBAC46;999
LRBBBAC47;999
LRBBBAC48;999
LRBBBAC49;999
LRBBBAC56;999
LRBBBAC57;999
LRBBBAC58;999
LRBBBAC59;999
LRBBBAC67;999
LRBBBAC68;999
LRBBBAC69;999
LRBBBAC78;999
LRBBBAC79;999
LRBBBAC89;999
LRBBBAC9;999
LRBBBM1;999
LRBBBM12;999
LRBBBM13;36
LRBBBM14;36
LRBBBM15;36
LRBBBM16;36
LRBBBM17;36
LRBBBM18;999
LRBBBM19;36
LRBBBM23;999
LRBBBM24;999
LRBBBM25;999
LRBBBM26;999
LRBBBM27;999
LRBBBM28;999
LRBBBM29;999
LRBBBM34;999
LRBBBM35;999
LRBBBM36;999
LRBBBM37;999
LRBBBM38;999
LRBBBM39;999
LRBBBM45;36
LRBBBM46;999
LRBBBM47;999
LRBBBM48;999
LRBBBM49;999
LRBBBM56;36
LRBBBM57;999
LRBBBM58;999
LRBBBM59;36
LRBBBM67;36
LRBBBM68;999
LRBBBM69;36
LRBBBM78;36
LRBBBM79;36
LRBBBM89;36
LRBBBM9;36
LRBBBUD1;999
LRBBBUD12;999
LRBBBUD13;999
LRBBBUD14;54
LRBBBUD15;54
LRBBBUD16;999
LRBBBUD17;54
LRBBBUD18;999
LRBBBUD19;54
LRBBBUD23;999
LRBBBUD24;999
LRBBBUD25;999
LRBBBUD26;999
LRBBBUD27;999
LRBBBUD28;999
LRBBBUD29;999
LRBBBUD34;999
LRBBBUD35;999
LRBBBUD36;999
LRBBBUD37;999
LRBBBUD38;999
LRBBBUD39;999
LRBBBUD45;999
LRBBBUD46;999
LRBBBUD47;999
LRBBBUD48;999
LRBBBUD49;999
LRBBBUD56;999
LRBBBUD57;999
LRBBBUD58;999
LRBBBUD59;999
LRBBBUD67;999
LRBBBUD68;999
LRBBBUD69;999
LRBBBUD78;999
LRBBBUD79;999
LRBBBUD89;999
LRBBBUD9;54
LRBBCN1;999
LRBBCN12;999
LRBBCN13;999
LRBBCN14;999
LRBBCN15;37
LRBBCN16;37
LRBBCN17;999
LRBBCN18;999
LRBBCN19;37
LRBBCN23;999
LRBBCN24;999
LRBBCN25;999
LRBBCN26;999
LRBBCN27;999
LRBBCN28;999
LRBBCN29;999
LRBBCN34;999
LRBBCN35;999
LRBBCN36;999
LRBBCN37;999
LRBBCN38;999
LRBBCN39;999
LRBBCN45;999
LRBBCN46;999
LRBBCN47;999
LRBBCN48;999
LRBBCN49;999
LRBBCN56;999
LRBBCN57;999
LRBBCN58;999
LRBBCN59;999
LRBBCN67;999
LRBBCN68;999
LRBBCN69;37
LRBBCN78;999
LRBBCN79;37
LRBBCN89;999
LRBBCN9;999
LRBBCTA;999
LRBBDIN1;999
LRBBDIN12;999
LRBBDIN13;999
LRBBDIN14;999
LRBBDIN15;48
LRBBDIN16;48
LRBBDIN17;999
LRBBDIN18;999
LRBBDIN19;48
LRBBDIN23;999
LRBBDIN24;999
LRBBDIN25;999
LRBBDIN26;999
LRBBDIN27;999
LRBBDIN28;999
LRBBDIN29;999
LRBBDIN34;999
LRBBDIN35;999
LRBBDIN36;999
LRBBDIN37;999
LRBBDIN38;999
LRBBDIN39;999
LRBBDIN45;999
LRBBDIN46;999
LRBBDIN47;999
LRBBDIN48;999
LRBBDIN49;999
LRBBDIN56;999
LRBBDIN57;999
LRBBDIN58;999
LRBBDIN59;999
LRBBDIN67;999
LRBBDIN68;999
LRBBDIN69;48
LRBBDIN78;999
LRBBDIN79;48
LRBBDIN89;999
LRBBDIN9;48
LRBBKNL1;999
LRBBKNL12;999
LRBBKNL13;40
LRBBKNL14;40
LRBBKNL15;40
LRBBKNL16;40
LRBBKNL17;40
LRBBKNL18;999
LRBBKNL19;40
LRBBKNL23;999
LRBBKNL24;999
LRBBKNL25;999
LRBBKNL26;999
LRBBKNL27;999
LRBBKNL28;999
LRBBKNL29;999
LRBBKNL34;999
LRBBKNL35;999
LRBBKNL36;999
LRBBKNL37;999
LRBBKNL38;999
LRBBKNL39;999
LRBBKNL45;40
LRBBKNL46;999
LRBBKNL47;999
LRBBKNL48;999
LRBBKNL49;999
LRBBKNL56;40
LRBBKNL57;999
LRBBKNL58;999
LRBBKNL59;40
LRBBKNL67;999
LRBBKNL68;999
LRBBKNL69;40
LRBBKNL78;40
LRBBKNL79;40
LRBBKNL89;40
LRBBKNL9;40
LRBBKOM12;999
LRBBKOM13;999
LRBBKOM14;999
LRBBKOM15;999
LRBBKOM16;999
LRBBKOM17;999
LRBBKOM18;999
LRBBKOM19;999
LRBBKOM23;999
LRBBKOM24;999
LRBBKOM25;999
LRBBKOM26;999
LRBBKOM27;999
LRBBKOM28;999
LRBBKOM29;999
LRBBKOM34;999
LRBBKOM35;999
LRBBKOM36;999
LRBBKOM37;999
LRBBKOM38;999
LRBBKOM39;999
LRBBKOM45;999
LRBBKOM46;999
LRBBKOM47;999
LRBBKOM48;999
LRBBKOM49;999
LRBBKOM56;999
LRBBKOM57;999
LRBBKOM58;999
LRBBKOM59;999
LRBBKOM67;999
LRBBKOM68;999
LRBBKOM69;999
LRBBKOM78;999
LRBBKOM79;999
LRBBKOM89;999
LRBBKOM9;999
LRBBKOML;999
LRBBLK1;999
LRBBLK12;999
LRBBLK13;999
LRBBLK14;34
LRBBLK15;34
LRBBLK16;999
LRBBLK17;999
LRBBLK18;999
LRBBLK19;999
LRBBLK23;999
LRBBLK24;999
LRBBLK25;999
LRBBLK26;999
LRBBLK27;999
LRBBLK28;999
LRBBLK29;999
LRBBLK34;999
LRBBLK35;999
LRBBLK36;999
LRBBLK37;999
LRBBLK38;999
LRBBLK39;999
LRBBLK45;999
LRBBLK46;999
LRBBLK47;999
LRBBLK48;999
LRBBLK49;999
LRBBLK56;999
LRBBLK57;999
LRBBLK58;999
LRBBLK59;34
LRBBLK67;999
LRBBLK68;999
LRBBLK69;34
LRBBLK78;999
LRBBLK79;999
LRBBLK89;999
LRBBLK9;999
LRBBLOM1;999
LRBBLOM12;999
LRBBLOM13;999
LRBBLOM14;999
LRBBLOM15;999
LRBBLOM16;999
LRBBLOM17;999
LRBBLOM18;999
LRBBLOM19;999
LRBBLOM23;999
LRBBLOM24;999
LRBBLOM25;999
LRBBLOM26;999
LRBBLOM27;999
LRBBLOM28;999
LRBBLOM29;999
LRBBLOM34;999
LRBBLOM35;999
LRBBLOM36;999
LRBBLOM37;999
LRBBLOM38;999
LRBBLOM39;999
LRBBLOM45;999
LRBBLOM46;999
LRBBLOM47;999
LRBBLOM48;999
LRBBLOM49;999
LRBBLOM56;999
LRBBLOM57;999
LRBBLOM58;999
LRBBLOM59;999
LRBBLOM67;999
LRBBLOM68;999
LRBBLOM69;999
LRBBLOM78;999
LRBBLOM79;999
LRBBLOM89;999
LRBBLOM9;999
LRBBMOP1;999
LRBBMOP12;999
LRBBMOP13;999
LRBBMOP14;54
LRBBMOP15;54
LRBBMOP16;999
LRBBMOP17;54
LRBBMOP18;999
LRBBMOP19;54
LRBBMOP23;999
LRBBMOP24;999
LRBBMOP25;999
LRBBMOP26;999
LRBBMOP27;999
LRBBMOP28;999
LRBBMOP29;999
LRBBMOP34;999
LRBBMOP35;999
LRBBMOP36;999
LRBBMOP37;999
LRBBMOP38;999
LRBBMOP39;999
LRBBMOP45;999
LRBBMOP46;999
LRBBMOP47;999
LRBBMOP48;999
LRBBMOP49;999
LRBBMOP56;999
LRBBMOP57;999
LRBBMOP58;999
LRBBMOP59;999
LRBBMOP67;999
LRBBMOP68;999
LRBBMOP69;999
LRBBMOP78;999
LRBBMOP79;999
LRBBMOP89;999
LRBBMOP9;54
LRBBNAP1;999
LRBBNAP12;999
LRBBNAP13;999
LRBBNAP14;999
LRBBNAP15;999
LRBBNAP16;999
LRBBNAP17;999
LRBBNAP18;999
LRBBNAP19;54
LRBBNAP23;999
LRBBNAP24;999
LRBBNAP25;999
LRBBNAP26;999
LRBBNAP27;999
LRBBNAP28;999
LRBBNAP29;999
LRBBNAP34;999
LRBBNAP35;999
LRBBNAP36;999
LRBBNAP37;999
LRBBNAP38;999
LRBBNAP39;999
LRBBNAP45;999
LRBBNAP46;999
LRBBNAP47;999
LRBBNAP48;999
LRBBNAP49;999
LRBBNAP56;999
LRBBNAP57;999
LRBBNAP58;999
LRBBNAP59;999
LRBBNAP67;999
LRBBNAP68;999
LRBBNAP69;999
LRBBNAP78;999
LRBBNAP79;999
LRBBNAP89;999
LRBBNAP9;999
LRBBNER12;999
LRBBNER13;999
LRBBNER14;999
LRBBNER15;999
LRBBNER16;999
LRBBNER17;999
LRBBNER18;999
LRBBNER19;47
LRBBNER23;999
LRBBNER24;999
LRBBNER25;999
LRBBNER26;999
LRBBNER27;999
LRBBNER28;999
LRBBNER29;999
LRBBNER34;999
LRBBNER35;999
LRBBNER36;999
LRBBNER37;999
LRBBNER38;999
LRBBNER39;999
LRBBNER45;999
LRBBNER46;999
LRBBNER47;999
LRBBNER48;999
LRBBNER49;999
LRBBNER56;999
LRBBNER57;999
LRBBNER58;999
LRBBNER59;999
LRBBNER67;999
LRBBNER68;999
LRBBNER69;999
LRBBNER78;999
LRBBNER79;999
LRBBNER89;999
LRBBNER9;999
LRBBNERL;999
LROPTMA;999
LSAGE;35
LSAGL1;46
LSAGL12;47
LSAGL123;47
LSAGL1234;48
LSAGL12345;999
LSAGL2;47
LSAGL23;47
LSAGL234;47
LSAGL2345;999
LSAGL23456;999
LSAGL2T305;999
LSAGL3;41
LSAGL34;46
LSAGL345;999
LSAGL3456;999
LSAGL3T305;999
LSAGL4;41
LSAGL45;47
LSAGL456;48
LSAGL5;43
LSAGL56;48
LSAGL6;43
LSAGLOL12;999
LSAGLOL13;999
LSAGLOL14;999
LSAGLOL15;999
LSAGLOW;40
LSAGLOWUAC;999
LSAGN;32
LSAGNE;37
LSAGNS;999
LSAGS;33
LSAGSE;36
LSAGSTAT;999
LSAGTOTAL;999
LSAGTSAW;999
LSAGUAC;48
LSAGUTA;999
LSASVCNTE2;999
LSAZALL;999
LSAZCTA;999
LSAZESL;39
LSAZFTMA;999
LSAZLOM13;999
LSAZLOM13D;999
LSAZLOM14;999
LSAZLOM14D;999
LSAZLOW;35
LSAZLOWD;999
LSAZM1;44
LSAZM123;44
LSAZM1234;44
LSAZM16;44
LSAZM1ZS;999
LSAZM2;42
LSAZM23;42
LSAZM3;40
LSAZM4;44
LSAZM45;999
LSAZM456;43
LSAZM5;42
LSAZM56;43
LSAZM6;41
LSAZNE;38
LSAZNL;36
LSAZSSL;32
LSAZSSLD;32
LSAZSTRMZ;999
LSAZSW;37
LSAZSWD;999
LSAZTOTAL;999
LSAZTOTALD;999
LSAZUTA;999
LSAZWSL;38
LSAZX1;999
LSAZX12;999
LSAZX123;999
LSAZX2;999
LSAZX3;999
LSAZX34;999
LSAZX36;999
LSAZX4;999
LSAZX456;999
LSGCDELTA;999
LSGGHECT;999
LSGGTMA;999
LSGL12T;999
LSGL34T;999
LSGZFRA999;999
LSGZVC375;999
LSGZVC385U;999
LSVCLM5;999
LSVCLM67;999
LSZBTA;999
LSZHTMA;999
LTAAACENT;50
LTAAACL1;999
LTAAACL12;999
LTAAACL13;999
LTAAACL14;999
LTAAACL15;46
LTAAACTA;999
LTAAACU27;999
LTAAACU37;999
LTAAACU47;999
LTAAACU57;46
LTAAACU67;999
LTAAAEAST;50
LTAAAEL13;999
LTAAAEL14;999
LTAAAEL15;46
LTAAAEL16;999
LTAAAESOU;46
LTAAAEU47;999
LTAAAEU57;999
LTAAAEU67;48
LTAAAEU7;999
LTAAANL13;999
LTAAANL14;46
LTAAANL15;46
LTAAANL16;999
LTAAANOR;46
LTAAANU47;999
LTAAANU57;46
LTAAANU67;46
LTAAANU7;999
LTAAAOL13;999
LTAAAOL14;999
LTAAAOL15;999
LTAAAOL16;999
LTAAAOU47;999
LTAAAOU57;999
LTAAAOU67;999
LTAAAOU7;999
LTAAASL1;999
LTAAASL12;54
LTAAASL13;999
LTAAASL14;999
LTAAASOU;58
LTAAASU27;999
LTAAASU37;56
LTAAASU47;999
LTAAASU57;999
LTAAAWEST;50
LTAAAWL1;999
LTAAAWL12;46
LTAAAWL13;999
LTAAAWL14;999
LTAAAWU27;999
LTAAAWU37;48
LTAAAWU47;999
LTAAAWU57;999
LTAABBCC;999
LTAAIALL;999
LTAAICTA;999
LTAAIE;45
LTAAIEL1;45
LTAAIEL12;999
LTAAIEL13;999
LTAAIEL14;999
LTAAIEL15;999
LTAAIEU27;999
LTAAIEU37;999
LTAAIEU47;999
LTAAIEU57;999
LTAAIEU67;999
LTAAIL;45
LTAAIU;45
LTAAIU1;999
LTAAIW;45
LTAAIWL1;45
LTAAIWL12;999
LTAAIWL13;999
LTAAIWL14;999
LTAAIWL15;999
LTAAIWU27;999
LTAAIWU37;999
LTAAIWU47;999
LTAAIWU57;999
LTAAIWU67;999
LTAAZALL;999
LTAAZEAST;36
LTAAZEL1;999
LTAAZEL12;999
LTAAZEL13;999
LTAAZEL14;999
LTAAZEL15;999
LTAAZEU27;999
LTAAZEU37;999
LTAAZEU47;999
LTAAZEU57;999
LTAAZEU67;999
LTAAZLOW;36
LTAAZNO1;999
LTAAZNO12;999
LTAAZNO13;999
LTAAZNO14;999
LTAAZNO15;999
LTAAZSO1;999
LTAAZSO12;999
LTAAZSO13;999
LTAAZSO14;999
LTAAZSO15;999
LTAAZWE27;999
LTAAZWE37;36
LTAAZWE47;999
LTAAZWE57;999
LTAAZWE67;999
LTAAZWEST;999
LTACAPL;999
LTACAPU;999
LTAIALL;999
LTAIEU;50
LTAILOW;50
LTAIMID;50
LTAIUPP3;50
LTAIUPP4;50
LTAIUPP5;50
LTAIWEL;50
LTAIWU;50
LTAIYCR;999
LTAIYEL;999
LTAIYEM;999
LTAIYEU;999
LTAIYNL;999
LTAIYWL;999
LTAIYWM;999
LTAIYWU;999
LTBAALL;50
LTBAATA;50
LTBAE;50
LTBAEAST;50
LTBAESG;50
LTBAL;50
LTBALEW;50
LTBALOW;50
LTBANW;50
LTBASAG;50
LTBASAN;50
LTBASAS;50
LTBASEL;50
LTBASEU;50
LTBASW;50
LTBASWL;50
LTBASWU;50
LTBATMA;999
LTBAU;50
LTBAW;50
LTBAWEST;50
LTBAWN;50
LTBAWS;50
LTBJMFN;999
LTBJMLO;999
LTBJMUE;999
LTBJMUW;999
LTBJTMA;999
LTBSDPL;999
LTBSDPN;999
LTBSDPS;999
LTBSDPU;999
LTCCTA;999
LTFEBDL;999
LTFEBDU;999
LUKKTA;999
LUUUS1;36
LUUUS2;35
LWSSALL;33
LWSSALL2;20
LWSSCTA;999
LWSSLOW;31
LWSSLOW2;31
LWSSLOW3;31
LWSSTOP;30
LWSSUPP;33
LWSSUPP2;33
LWSSUPP3;28
LWSSUPU;28
LYBACTA;999
LYBAL;40
LYBALE;38
LYBALMWS;48
LYBALN;38
LYBALS;38
LYBALU;43
LYBALUE;38
LYBALUN;38
LYBALUT;42
LYBALUWES;45
LYBALUWS;43
LYBALW;36
LYBALWES;42
LYBALWS;999
LYBAME;45
LYBAMIL01;999
LYBAMN;45
LYBAMS;40
LYBAMW;40
LYBAMWS;50
LYBAT;50
LYBATE;42
LYBATN;42
LYBATWES;53
LYBATWS;53
LYBAU;47
LYBAUE;45
LYBAUN;42
LYBAUWES;53
LYBAUWS;53
LYBAXE;40
LYBAXN;42
LYBAXS;40
LYBAXW;40
LYBAXWS;50
LYBAYE;40
LYBAYN;42
LYBAYS;45
LYBAYW;50
LYBAYWS;53
LYBAZE;42
LYBAZN;42
LYBAZS;45
LYBAZW;50
LYBAZWS;53
LYBETMA;999
LYNITMA;999
LYPGTA;999
LYPGTMA;999
LYTVTMA;999
LZBBAEX;999
LZBBALL;40.5
LZBBCTA;999
LZBBE3;999
LZBBE36;999
LZBBE37;999
LZBBE40;999
LZBBEAST;999
LZBBEL33;999
LZBBEL34;999
LZBBEL35;999
LZBBEM36;999
LZBBEM37;999
LZBBET38;0
LZBBEU1;32
LZBBEU2;32
LZBBEU29;999
LZBBEU34;999
LZBBEU35;32
LZBBEU36;32
LZBBEU37;32
LZBBEU38;999
LZBBEU39;999
LZBBEX;35
LZBBL28;36
LZBBL30;36
LZBBL31;32
LZBBL32;32
LZBBL33;36
LZBBL34;36
LZBBL35;36
LZBBL36;999
LZBBM1;34
LZBBM2;34
LZBBM3;34
LZBBM33;41
LZBBM34;41
LZBBM35;41
LZBBM36;38
LZBBM4;41
LZBBM5;41
LZBBPCA06T;999
LZBBROZHON;999
LZBBU;37
LZBBU1;41
LZBBU2;41
LZBBU29;999
LZBBU3;37
LZBBU34;43
LZBBU35;43
LZBBU36;43
LZBBU37;43
LZBBU38;43
LZBBU39;43
LZBBU4;41
LZBBU40;43
LZBBU5;37
LZBBU6;37
LZBBU7;37
LZBBU8;999
LZBBW28;32
LZBBW36;999
LZBBW37;999
LZBBW40;999
LZBBWL33;999
LZBBWL34;999
LZBBWL35;999
LZBBWM33;999
LZBBWM34;999
LZBBWM35;999
LZBBWM36;999
LZBBWM37;999
LZBBWT38;32
LZBBWU;999
LZBBWU1;32
LZBBWU2;32
LZBBWU35;32
LZBBWU36;32
LZBBWU37;32
LZBBWU38;999
LZBBWU39;999
LZIBU;999
LZTRA07Y;999
MECAGIT;999
OIIXCTA;999
OJACCTA;999
OLBBALL;999
OLBBCTA;999
OLYMPICS;999
ORBBCTA;999
OSDICTA;999
SOOOUTA;999
UBBACTA;999
UDDDALL;40
UDSGTA;10
UDYZTA;20
UGGGCTA;999
UGGGNOR;41
UGGGNW;41
UGGGWES;45
UKBVC;37
UKBVCLW;35
UKBVCTA;999
UKBVCW;31
UKBVL2;27
UKBVL325CW;31
UKBVL325W;38
UKBVL335;28
UKBVL335CW;31
UKBVL335W;31
UKBVL345;27
UKBVL345CW;36
UKBVL345W;31
UKBVL355;29
UKBVLW;31
UKBVM;39
UKBVN;38
UKBVNM;41
UKBVO3;36
UKBVO335S;36
UKBVO345;36
UKBVO345S;36
UKBVO355;36
UKBVO355S;33
UKBVO365;36
UKBVO365S;33
UKBVO375;36
UKBVO375S;30
UKBVO385;37
UKBVO4;32
UKBVS;30
UKBVSO;36
UKBVTC;999
UKBVTC1;34
UKBVTC12;34
UKBVTC13;999
UKBVTC2;33
UKBVTC34;35.33333333333333333333333333
UKBVTC5;27
UKBVW;30
UKDDTA;30
UKDETA;999
UKDV2CTA;999
UKDVB;40
UKDVC;32
UKDVC325W;41
UKDVC335W;36
UKDVC345W;36
UKDVCE325;30
UKDVCE325W;36
UKDVCE335;30
UKDVCE335W;32
UKDVCE345;27
UKDVCE345W;30
UKDVCE355;25
UKDVCTA;999
UKDVE;40
UKDVE325;40
UKDVE335;38
UKDVE345;38
UKDVE6;37
UKDVN;40
UKDVS;40
UKDVS24;999
UKDVS265;999
UKDVSB;999
UKDVW;38
UKDVWE355;30
UKHHTC1;36
UKHHTC2;38
UKLVALL;999
UKLVC1C2H;42
UKLVC1C2L;999
UKLVC1C2U;49
UKLVC1HA;41
UKLVC1HN;41
UKLVC1HT;42
UKLVC1LA;999
UKLVC1LN;999
UKLVC1LT;999
UKLVC1LU;999
UKLVC1MT;999
UKLVC1TA;999
UKLVC1UA;38
UKLVC1UN;37
UKLVC1UW;41
UKLVCEN2A;44
UKLVCEN2N;43
UKLVCEN2T;41
UKLVCEN2U;999
UKLVCTA;999
UKLVE345;34
UKLVJEWH;39
UKLVJEWL;999
UKLVJEWLT;999
UKLVJEWLU;999
UKLVJEWM;999
UKLVJEWU;38
UKLVTA;999
UKLVU;43
UKLVW345;34
UKOV2CTA;999
UKOVC;51
UKOVCS;999
UKOVCTA;999
UKOVL;46
UKOVLU;47
UKOVN;48
UKOVS;43
UKOVSLU;50
UKOVT;34
UKOVTC1;34
UKOVTC2;34
UKOVTMA;999
UKOVU;44
ULLLCTA;999
ULMMNCTA;999
ULMMSCTA;999
ULOLCTA;999
UMKKCTA;999
UMMVCTA;999
UMMVS1;46
UMMVS125;999
UMMVS2;45
UMMVS25;999
UMMVS257;999
UMMVS3;38
UMMVS34;999
UMMVS346;999
UMMVS4;37
UMMVS46;999
UMMVS5;45
UMMVS57;999
UMMVS6;39
UMMVS7;46
UMMVS8;46
UMMVS9;46
URRVCTA;999
UUWVCTA;999
